GlobalID,report_year,confidence_tier,respondent_legal_name,respondent_legal_name_ferc,respondent_legal_name_eia,substation_from_ferc,substation_to_ferc,operating_voltage_ferc,number_of_circuits,designed_length,additional_length,total_length_ferc,states_of_operations,cost_of_land,construction_and_other_costs,total_cost,operating_expenses,maintenance_expenses,rent_expenses,total_expenses,conductor_infos,type,Size_AWG_kcmil,conductors_per_phase,code,Code_Word,area_kcmil,diameter_in,weight_lbs_per_kft,conductor_rts_kip,temp_low_c,temp_high_c,temp_dc_c,max_temperature_c,res_dc_ohm_per_mile,res_low_ohm_per_mile,res_high_ohm_per_mile,elastic_modulus_ksi,coeff_thermal_expan_per_c,cost_dol_per_kft,installation_cost_dol_per_kft,accessories_cost_dol_per_kft,conductor_spec_source,supporting_structure_type,structure_material,structure_geometry,substation_from_eia,substation_to_eia,operating_voltage,total_length,state,linestring_coord,coordinates
100024,2017,medium,niagara mohawk power,niagara mohawk power,niagara mohawk power,independence t,scriba,345,1,2.8,0,2.8,['NY'],28088916,0,28088916,0,0,0,0,2-1192.5 ACSR,ACSR,1192.5 KCMIL,2,1192.5_BUNTING,Bunting,1279.152,1.2992133,1344.853757,32.0265,25,75,20,100,0.07596106,0.07596106,0.09607787,9093.86616,2.08E-05,1961,2850,263,refa,Steel Towers,Steel,Lattice Tower,scriba,fitzpatrick,345,1.101209821,NY,"[[-76.3998669199257, 43.5224119340927], [-76.4003446242309, 43.5216756417115], [-76.4005054226668, 43.5211779852988], [-76.4005165617763, 43.5196716357261], [-76.4004942835572, 43.5172865433208], [-76.4005082074441, 43.5147008387492], [-76.4005193465537, 43.5121251871838], [-76.4031718020931, 43.5121211466799], [-76.4064051082952, 43.5121170429817], [-76.4064441032634, 43.512331315721], [-76.4064952129115, 43.5126121590926], [-76.4072253887272, 43.513201543179]]","[[-76.3998669199257, 43.5224119340927], [-76.4072253887272, 43.513201543179]]"
100042,2024,high,duke energy progress,duke energy progress,duke energy progress,tap point,society hill,230,1,1.16,0,1.16,"['NC', 'SC']",0,0,0,0,0,0,0,795MCMA,AAC,795 KCMIL,1,795_ARBUTUS,Arbutus,795,1.026,745,13.9,25,75,20,100,0.114576,0.116886,0.14256,7977.073704,2.30E-05,1564,2104,263,filled,W-SP,Wood,Pole,tap,society hill,230,1.15827183,SC,"[[-79.8404875773744, 34.5062651196758], [-79.8407617503856, 34.5081589836849], [-79.8424892376264, 34.5173246681314], [-79.8426986313259, 34.5190807096555], [-79.8428985055783, 34.5209271710732], [-79.8435933084331, 34.5223834023211], [-79.8436884867341, 34.5227736330095]]","[[-79.8404875773744, 34.5062651196758], [-79.8436884867341, 34.5227736330095]]"
100100,2024,medium,duke energy ohio,duke energy ohio,duke energy kentucky,walter c beckjord,silver grove,138,1,3.07,3.16,6.23,"['OH', 'KY']",0,0,0,0,0,0,0,954ACSR45/7,ACSR,954 KCMIL,1,954.0_CARDINAL,Cardinal,1079.778,1.181103,1228.267761,33.82875,25,75,20,100,0.09446852,0.09446852,0.12037897,10007.60391,1.93E-05,1977,2757,263,refa,1,Steel,Pole,silver grove,unknown,138,10.66828737,KY,"[[-84.3766749997347, 39.0255529999474], [-84.3773947730595, 39.024788829674], [-84.378592520184, 39.0247863222002], [-84.3843483469079, 39.017994817072], [-84.3944392051394, 39.0153033927178], [-84.404475278715, 39.0127162290588], [-84.4181714373044, 39.0091025273271], [-84.4199907296723, 39.0075923037229], [-84.4230069822406, 39.0056236688103], [-84.4304764001662, 39.0007485610862], [-84.4353938894225, 38.9954855996995], [-84.4389587431348, 38.9949037857271], [-84.4412928339409, 38.9926065539685], [-84.444440221676, 38.9934288979702], [-84.4496613370068, 39.0005258977474], [-84.4528620460422, 39.0028483947437], [-84.4588566153243, 39.0051177669644], [-84.4589598802594, 39.0108815679413], [-84.4647737938462, 39.0109329383157], [-84.4714469585787, 39.0128358530125], [-84.479405236987, 39.0201111060017], [-84.4858059741348, 39.0218382727776], [-84.485549000268, 39.0238670001414], [-84.4849893237949, 39.0261576792963], [-84.4846163819165, 39.0296407830856], [-84.4841657222913, 39.0348196050598], [-84.4840329998013, 39.0368949999251], [-84.4829983481048, 39.0387767239958], [-84.4830711700333, 39.0400365732285], [-84.4834376072107, 39.0414142808478], [-84.4845619017894, 39.0434487206994], [-84.4870139360024, 39.046511087194], [-84.4887378560333, 39.047810272955], [-84.4901512563182, 39.0491594267926], [-84.4905153129601, 39.0504978742437], [-84.4901583943314, 39.0533282430823], [-84.4897079997092, 39.0541009996957], [-84.4884669996021, 39.0539909997521], [-84.4878630002528, 39.054592999807], [-84.4871610000959, 39.0557479996574], [-84.4869190002466, 39.0564119996981], [-84.4868501084474, 39.0570841479544], [-84.4866365438701, 39.0590443780414], [-84.4875920000911, 39.059780999948]]","[[-84.3766749997347, 39.0255529999474], [-84.4875920000911, 39.059780999948]]"
100170,2024,high,appalachian power,appalachian power,appalachian power,cloverdale va,jacksons ferry va,765,1,65,0,65,"['VA', 'WV']",0,0,0,0,0,0,0,954KCM ACSR,ACSR,954 KCMIL,1,954.0_CARDINAL,Cardinal,1079.778,1.181103,1228.267761,33.82875,25,75,20,100,0.09446852,0.09446852,0.12037897,10007.60391,1.93E-05,1977,2757,263,refa,3,Steel,Pole,cloverdale kv,jacksons ferry,765,65.21512811,VA,"[[-80.8231702542395, 36.8791621951811], [-80.8224704621416, 36.8795326131366], [-80.8041212486711, 36.8876113587537], [-80.7819466547845, 36.8939157409394], [-80.7782822848068, 36.8942488658308], [-80.7744815541622, 36.8952327830122], [-80.712756449681, 36.9136356032442], [-80.632213245287, 36.9344313543281], [-80.5901347200744, 36.9504004302933], [-80.5509356762331, 36.9711987069171], [-80.5152367849457, 36.989365366267], [-80.4770473980763, 37.0115895571687], [-80.4330380771112, 37.0407557998357], [-80.3988008058764, 37.0563553480984], [-80.383104294982, 37.06316060667], [-80.3688751183238, 37.0683121397894], [-80.3428463089989, 37.0808249582428], [-80.2999727675734, 37.1099519139487], [-80.2779511540847, 37.124563590285], [-80.2565535544099, 37.1421618852566], [-80.2454914385915, 37.1469576891063], [-80.2257091948505, 37.160524780266], [-80.2203982390081, 37.1658928442099], [-80.2079566316118, 37.1743470687676], [-80.1954614361156, 37.186967800646], [-80.1868186899699, 37.1990456217706], [-80.1813435499413, 37.2090774292792], [-80.1738886990964, 37.2232280843437], [-80.1704422675931, 37.2310684750014], [-80.1697531959898, 37.2338309617185], [-80.168606295307, 37.2363160711893], [-80.1631763647918, 37.2429999770142], [-80.1586601475829, 37.2550876390923], [-80.1612065677828, 37.2647894948042], [-80.1691758586382, 37.2751853602967], [-80.1706958593029, 37.2791576318088], [-80.1650137061104, 37.2883613871256], [-80.1622059417398, 37.2916569408352], [-80.1577979903873, 37.2954022123428], [-80.1512164008132, 37.2996281347801], [-80.1432392577839, 37.3037826742204], [-80.093113532628, 37.3224757196819], [-80.0853326948446, 37.3251597516923], [-80.0763108497674, 37.3277414669507], [-80.0520154817171, 37.3340208649884], [-80.0404055615603, 37.3340855771545], [-80.0373203884469, 37.3346941259234], [-79.9840466539217, 37.3599388461268], [-79.9806558020833, 37.3613066871843], [-79.9512410259587, 37.3712132082194], [-79.9458515456823, 37.3741328072347], [-79.9245262217603, 37.3815519659446], [-79.9116224050993, 37.3743755121216], [-79.9073822051429, 37.3742641526664], [-79.9020805513553, 37.3744285461544], [-79.9005870599746, 37.3744711661008]]","[[-80.8231702542395, 36.8791621951811], [-79.9005870599746, 37.3744711661008]]"
100276,2003,medium,new york state electric gas,new york state electric gas,new york state electric gas,hinman,gm corp,115,1,0.04,0,0.04,['NY'],0,0,0,0,0,0,0,1033 ACSR,ACSR,1033 KCMIL,1,1033.5_CURLEW,Curlew,1172.556,1.2598432,1331.823557,36.63,25,75,20,100,0.08706554,0.08706554,0.11136664,10007.60391,1.93E-05,2182,2926,263,refa,Stl. Tower,Steel,Lattice Tower,lockport,hinman,115,0.137635967,NY,"[[-78.7194597878047, 43.1488175592449], [-78.7196406752653, 43.148614948836], [-78.7202680101507, 43.1477118446982], [-78.7200096214373, 43.1475339597713], [-78.7199668382736, 43.1473744218267], [-78.7196404246353, 43.1471667081966]]","[[-78.7194597878047, 43.1488175592449], [-78.7196404246353, 43.1471667081966]]"
100423,2003,medium,new york state electric gas,new york state electric gas,niagara mohawk power,south owego,candor,115,2,7.51,0,7.51,['NY'],83098,1054254,1137352,0,0,0,0,1033.5 Al.,AAC,1033.5 KCMIL,1,1033.5_BLUEBELL,Bluebell,1033.5,1.17,969,17.7,25,75,20,100,0.088176,0.08995374,0.11088,7977.073704,2.30E-05,1867,2558,263,filled,Single W.P.,Steel,Single Pole,southwood,pebble hill,115,2.804376074,NY,"[[-76.0840155344276, 42.9918127202444], [-76.0840927796606, 42.9919300689039], [-76.0848547693121, 42.992033085957], [-76.0848885459668, 42.9923270589939], [-76.0850239220801, 42.99376897769], [-76.085152920155, 42.9952463438798], [-76.0852692519842, 42.9967593501394], [-76.0854173841746, 42.9982166708248], [-76.0855421601676, 42.9996166667625], [-76.085677445551, 43.0010491517293], [-76.0858001563171, 43.0024041477039], [-76.0841588435632, 43.0025031522286], [-76.0825449312221, 43.0025990682323], [-76.080897241328, 43.0026810572449], [-76.0801008668623, 43.0025575872069], [-76.077614273562, 43.0039563299848], [-76.0764969750627, 43.0049598732353], [-76.0737694464167, 43.0073620351081], [-76.073023739628, 43.0087005660848], [-76.0715541649934, 43.0113332317193], [-76.0724738494015, 43.0138817027665], [-76.0733144101994, 43.0162215710974], [-76.0718194743278, 43.0183128127655], [-76.0703912644171, 43.0204290907916], [-76.0696853682669, 43.0213694442734], [-76.0690751426944, 43.0225328787956], [-76.068430421815, 43.0237881687737], [-76.0675324451957, 43.0235367017157], [-76.0673066491574, 43.0235714541243]]","[[-76.0840155344276, 42.9918127202444], [-76.0673066491574, 43.0235714541243]]"
100517,1996,low,long sault,long sault,,,switchyard,115,1,0.86,1.66,2.52,['NY'],0,0,0,0,0,0,0,795 MCM,ACSR,795 KCMIL,1,795.0_DRAKE,Drake,923.832,1.1023628,1094.536765,31.527,25,75,20,100,0.11297598,0.11297598,0.13888643,10950.3492,1.92E-05,1711,2359,263,refa,Tower,Steel,Lattice Tower,smithfield,unknown,115,4.691309751,NY,"[[-73.5833028127268, 41.8985431848948], [-73.5834039998587, 41.8983309997938], [-73.582664000067, 41.8979719998558], [-73.580832999956, 41.8974990000841], [-73.5796129997652, 41.8958630001261], [-73.5771409995967, 41.8925820001125], [-73.5759199995811, 41.890945000183], [-73.5746690003265, 41.8892780001519], [-73.5723996448148, 41.8877535198881], [-73.5771484861563, 41.8834059150059], [-73.5768133579615, 41.8812930520828], [-73.5774764844227, 41.877183918686], [-73.577754569597, 41.8753256962904], [-73.5784319568134, 41.8709719358149], [-73.5798580350219, 41.8618068321562], [-73.57936366068, 41.8606314507078], [-73.5795918336605, 41.8526297916672], [-73.5733170888245, 41.8439188828836], [-73.565939510162, 41.8409583197156], [-73.5647701264443, 41.8401774320156]]","[[-73.5833028127268, 41.8985431848948], [-73.5647701264443, 41.8401774320156]]"
100763,2003,medium,new york state electric gas,new york state electric gas,niagara mohawk power,sleight road,niagmo tap,115,1,0.57,0,0.57,['NY'],2659,17683,20342,0,0,0,0,477 ACSR,ACSR,477 KCMIL,1,477.0_PELICAN,Pelican,505.344,0.8267721,517.7789834,11.81025,25,75,20,100,0.18990265,0.18990265,0.23335495,9572.490695,2.12E-05,940,1353,263,refa,H. Fr. Wood,Wood,Pole,leigh,tap,115,0.304059483,NY,"[[-75.7497948958416, 43.3309966028507], [-75.750213211625, 43.3308859538181], [-75.7504223699659, 43.3311210822812], [-75.7497093313108, 43.3313769563005], [-75.7500040541825, 43.3321341987894], [-75.7518009120245, 43.3341845850695]]","[[-75.7497948958416, 43.3309966028507], [-75.7518009120245, 43.3341845850695]]"
104749,2024,high,niagara mohawk power,niagara mohawk power,niagara mohawk power,nine mile point,scriba,345,1,0.4,0,0.4,['NY'],0,442025,442025,0,0,0,0,216.7 KIWI ACSR,ACSR,2167 KCMIL,1,2167_KIWI,Kiwi,2167,1.735,2300,49.8,25,75,20,100,0.0422928,0.04314548,0.055968,8737.071271,2.16E-05,3390,4664,263,filled,"Lattice, Steel",Steel,Lattice Tower,scriba,nine mile,345,0.521093473,NY,"[[-76.4072253887272, 43.513201543179], [-76.4082141329194, 43.513730068037], [-76.4084274971725, 43.5141505948316], [-76.4087076700315, 43.5147027931178], [-76.4086992258678, 43.5167964718273], [-76.4087160243636, 43.5186976507848], [-76.4089214735607, 43.5191918120089], [-76.4090521739429, 43.5195061792537], [-76.4091869212355, 43.5198584576857], [-76.4093943422346, 43.5198167680378], [-76.4097313002977, 43.5197489571582]]","[[-76.4072253887272, 43.513201543179], [-76.4097313002977, 43.5197489571582]]"
104788,2024,medium,southwestern electric power,southwestern electric power,southwestern electric power,tl longwood,entergy el dorado,345,1,37.72,0,37.72,"['AR', 'LA', 'TX']",0,0,0,0,0,0,0,2x1024.0  ACAR,ACAR,1024 KCMIL,2,1024.5_ACAR_UNLISTED,UNLISTED,1024.5,1.165,959.3,20.9,25,75,20,100,0.096096,0.09803342,0.1188,7977.0737,2.30E-05,1845,2519,263,filled,2,Steel,Pole,longwood,unknown,345,38.39160382,TX,"[[-94.5510338009558, 32.8493196597221], [-94.5514888272916, 32.849288530896], [-94.5542854624342, 32.8484923452727], [-94.5570051119568, 32.8449353836636], [-94.5579602007669, 32.8437187796624], [-94.5564119543747, 32.8425976333671], [-94.5501289576145, 32.8380579562845], [-94.5472369213888, 32.8360779441896], [-94.5459499050813, 32.8351819317117], [-94.5448619554407, 32.8344239627055], [-94.5382699382228, 32.8298339727186], [-94.5335299776261, 32.8263679809392], [-94.5284099398327, 32.8228549738849], [-94.5004698192138, 32.8027337902816], [-94.4902957698005, 32.7953675440681], [-94.4873828028287, 32.7936746696604], [-94.4741183018012, 32.785652154962], [-94.4622019609112, 32.7784376293218], [-94.4332792244069, 32.7610812099233], [-94.4202282690922, 32.7506835961943], [-94.4067415787624, 32.7409189268158], [-94.4039561725609, 32.7389136301159], [-94.4012058437747, 32.7370310719095], [-94.3985716240355, 32.7351367667401], [-94.3887078994337, 32.7278719397098], [-94.3862598995546, 32.7261169483056], [-94.3826279219277, 32.723512922697], [-94.3790350398803, 32.721045030165], [-94.3712649522358, 32.7164619417312], [-94.3702319785923, 32.715828954866], [-94.3615849762288, 32.7110619470997], [-94.3610649424091, 32.7107989870932], [-94.3511802385521, 32.7051648506328], [-94.3477579277125, 32.7032797716732], [-94.344641401599, 32.7014827943072], [-94.3419721475638, 32.7008183298581], [-94.3397160799317, 32.7002111138797], [-94.3385012378673, 32.6998841396586], [-94.3353611767917, 32.6990526748594], [-94.3315833118643, 32.6980509598652], [-94.3280783551203, 32.6971187833202], [-94.324705630386, 32.6962190268192], [-94.3211288982508, 32.6952543231578], [-94.3175964530591, 32.6943175807095], [-94.3143091581083, 32.6934386622637], [-94.3106746643003, 32.6924669733014], [-94.3078392219375, 32.6913306893575], [-94.3050892093583, 32.6902175253145], [-94.3022979641074, 32.6890928556706], [-94.2995892740312, 32.6880005312886], [-94.2962991035733, 32.6866600551351], [-94.2924966257055, 32.6851178408926], [-94.2886664788286, 32.6835732561635], [-94.285966053253, 32.6824785952326], [-94.2828220395901, 32.6812192422308], [-94.2799623427146, 32.680058695215], [-94.2768820196054, 32.678825621116], [-94.2738113075714, 32.6775628896252], [-94.2704067833744, 32.6762001781661], [-94.2677931350552, 32.6751540467232], [-94.2651616102619, 32.6742912726959], [-94.262425431738, 32.6734005892824], [-94.2596672435914, 32.6725052820543], [-94.2591370920467, 32.6723320089689], [-94.2569420254122, 32.6716145793226], [-94.2542140215574, 32.6707192549529], [-94.2502792209499, 32.6694411336221], [-94.2470415130029, 32.6683857736522], [-94.2433113486171, 32.6671798379691], [-94.2404400625762, 32.6662457503084], [-94.2369796631686, 32.6650942348627], [-94.2338368173155, 32.6640811733453], [-94.2304073190554, 32.6629735677053], [-94.2272783072577, 32.6620481338637], [-94.224490475605, 32.6611842501317], [-94.2217956195841, 32.6603375263132], [-94.2187617393751, 32.6594235592055], [-94.2152182449053, 32.6583192243001], [-94.2120769261883, 32.6573565306566], [-94.2086601840052, 32.6562940706644], [-94.2055905508478, 32.655352154769], [-94.2025208278589, 32.6544055397164], [-94.1997020043288, 32.6535309926724], [-94.1965304123867, 32.6525460881114], [-94.1932982739945, 32.6515426413184], [-94.1899971449884, 32.6505241316857], [-94.1865609991951, 32.6494615897416], [-94.1833755731976, 32.6484823880722], [-94.1800983393781, 32.64713375583], [-94.1770299638621, 32.6458726936706], [-94.1737349434, 32.6445256869346], [-94.1703422760664, 32.6431278282771], [-94.1674231107192, 32.6419360753611], [-94.1654812908415, 32.6410998176631], [-94.1647432565636, 32.6407819766884], [-94.1609269437421, 32.6391995592011], [-94.1601683820616, 32.6388801622458], [-94.1585146222511, 32.638183831219], [-94.1582265181665, 32.6380625221156], [-94.155019173276, 32.6367166830158], [-94.1517255002868, 32.6353403371606], [-94.1481101405944, 32.633836727358], [-94.1472397602206, 32.6334687080918], [-94.1455475165834, 32.6327531823572], [-94.1419459011147, 32.631696253743], [-94.1382376556219, 32.6305921816357], [-94.1340484521259, 32.6293926206746], [-94.1309660628915, 32.6284868877811], [-94.1279770984467, 32.6272791277807], [-94.1249960391763, 32.6260713507248], [-94.1217733330946, 32.6244303406491], [-94.1191351607681, 32.6230387503662], [-94.1160722649754, 32.6224250762816], [-94.112989875741, 32.6217653949681], [-94.1101568588295, 32.6211745609904], [-94.1069302001605, 32.6204951243333], [-94.1038555364375, 32.6198419357313], [-94.100671817239, 32.619152727728], [-94.0967593846821, 32.6183354922163], [-94.0934431639793, 32.6176231951302], [-94.0900334286553, 32.616894548844], [-94.0873445024137, 32.6160673813338], [-94.0838490669133, 32.6149940631244], [-94.0806263608316, 32.6139994257206], [-94.0774192854357, 32.6130114383043], [-94.0741303744158, 32.6119939269471], [-94.0712778631643, 32.6111142752885], [-94.067953737287, 32.6100933372131], [-94.0646297012411, 32.6090593728218], [-94.0616330112848, 32.6081303542615], [-94.0587376512926, 32.6072309882457], [-94.0557916263183, 32.606167326772], [-94.0524325559764, 32.6049330822379], [-94.0509086458436, 32.6043861672313], [-94.0496424794338, 32.6039317500811], [-94.047288712828, 32.6030651861393], [-94.0441398482626, 32.6021791648418], [-94.0403362016866, 32.6011100702519], [-94.0340719797158, 32.5991759513513], [-94.0259449213404, 32.5967759707016], [-94.0243529269939, 32.5962969811465], [-94.0206109048463, 32.5951119458967], [-94.0198999781305, 32.5948869403073], [-94.0181359564071, 32.5943289270352], [-94.0162559621805, 32.5937469941259], [-94.015381901409, 32.5934679472896], [-94.009176968247, 32.5914049957233], [-94.0068349695715, 32.5906279237211], [-94.0050149837042, 32.5900269692911], [-94.0007868831564, 32.5886926702969], [-93.9979203590848, 32.5875297856386], [-93.9949834070949, 32.586315949334], [-93.9940791629299, 32.5859468817029], [-93.993869306598, 32.5859571521673]]","[[-94.5510338009558, 32.8493196597221], [-93.993869306598, 32.5859571521673]]"
108769,2001,medium,niagara mohawk power,niagara mohawk power,niagara mohawk power,scriba station,volney,345,1,9.3,0,9.3,['NY'],148697,2520035,2668732,0,0,0,0,1192.5 MCM B ACSR,ACSR,1192.5 KCMIL,1,1192.5_BUNTING,Bunting,1279.152,1.2992133,1344.853757,32.0265,25,75,20,100,0.07596106,0.07596106,0.09607787,9093.86616,2.08E-05,1961,2850,263,refa,Wood Poles,Steel,Lattice Tower,scriba,sithe,345,2.90706705,NY,"[[-76.4474146535911, 43.49907682981], [-76.4473048947347, 43.4995902200377], [-76.4457633551645, 43.5001828903014], [-76.4429493232481, 43.4997628181065], [-76.439628585816, 43.4992210557201], [-76.4378064350089, 43.4975279530703], [-76.4360637446802, 43.4958888118363], [-76.4345393422706, 43.4944637869727], [-76.4318792178136, 43.4959280566987], [-76.4293748890747, 43.4973162728022], [-76.4267818112772, 43.4987427551623], [-76.4243724281756, 43.5000665290655], [-76.4216570438539, 43.5015586191007], [-76.4192642876698, 43.5028787130214], [-76.4176494060465, 43.5041644729295], [-76.4158675985787, 43.5056030629179], [-76.413123929902, 43.5062425999289], [-76.410183219361, 43.5069654712716], [-76.4097989434386, 43.5070653541803], [-76.4099610830592, 43.5093685077562], [-76.4101180250275, 43.5116720777027], [-76.4098247502401, 43.5117214247093], [-76.409566826854, 43.5117648242429], [-76.4088070237019, 43.5118926707899], [-76.4087807902007, 43.5121939981886], [-76.4087583511832, 43.512451730282], [-76.4072253887272, 43.513201543179]]","[[-76.4474146535911, 43.49907682981], [-76.4072253887272, 43.513201543179]]"
114127,2019,medium,southwestern electric power,southwestern electric power,,bann,southeast texarkana,138,1,11.34,0,11.34,"['AR', 'LA', 'TX']",0,0,0,0,0,0,0,1272.0  ACSR,ACSR,1272 KCMIL,1,1272.0_BITTERN,Bittern,1360.086,1.3385834,1434.007754,34.128,25,75,20,100,0.07129396,0.07129396,0.09028423,9093.86616,2.08E-05,2272,3176,263,refa,1,Steel,Pole,unknown,bann substation,138,11.74196954,TX,"[[-94.037218752105, 33.4142046942671], [-94.0371670001614, 33.4139240002134], [-94.0378600000975, 33.4140129997496], [-94.0406200001461, 33.4140890000566], [-94.0403630002281, 33.413483000062], [-94.0421780004456, 33.4133459996492], [-94.0442337832952, 33.4132624927729], [-94.0464883219947, 33.4129353172979], [-94.0478089227175, 33.4121857863131], [-94.0515982142153, 33.405868317182], [-94.0535493720804, 33.4025846607203], [-94.0545606433249, 33.4010023202129], [-94.0570947691819, 33.3966360090823], [-94.0623210004182, 33.3883399996336], [-94.0687860003466, 33.3882290000957], [-94.0693579999088, 33.3888159996398], [-94.0749569996487, 33.3888319997713], [-94.074985999961, 33.3853420000069], [-94.0811660003823, 33.3853159998731], [-94.0903860003364, 33.3852910003431], [-94.0919429999127, 33.3853070003732], [-94.091896000057, 33.3846180003013], [-94.0949859998185, 33.3846339997052], [-94.0960770001378, 33.3846629996486], [-94.0973209997197, 33.3847519999058], [-94.0993040001666, 33.3847670001678], [-94.1026349999525, 33.3847359997736], [-94.1071280002029, 33.3846629996486], [-94.1086599996648, 33.3878159998337], [-94.1099450001529, 33.3904649997578], [-94.1142090000743, 33.3910019996852], [-94.116343999959, 33.3912620001677], [-94.1184539997292, 33.3915189997534], [-94.1258810001054, 33.3945010002705], [-94.1352779996115, 33.398238000367], [-94.1409480003948, 33.400509999741], [-94.1502879999995, 33.4041270001322], [-94.1557639997158, 33.4061129998982], [-94.1602879999282, 33.4077309998343], [-94.1595010002809, 33.4131560001311], [-94.1587460004205, 33.4185149996559], [-94.1572319996036, 33.4268599999778], [-94.1560349998774, 33.433658000348], [-94.154439999768, 33.4427349999378], [-94.1538969996198, 33.4457449997367], [-94.1545175567163, 33.4461521591121]]","[[-94.037218752105, 33.4142046942671], [-94.1545175567163, 33.4461521591121]]"
149706,2018,low,centerpoint energy houston electric,centerpoint energy houston electric,,f dowlap,morgans point,138,1,0,3.53,3.53,['TX'],0,0,0,0,0,0,0,2-795 AAC,AAC,795 KCMIL,2,795_ARBUTUS,Arbutus,795,1.026,745,13.9,25,75,20,100,0.114576,0.116886,0.14256,7977.073704,2.30E-05,1564,2104,263,filled,(3) STEEL,Steel,Pole,logansport,tap,138,2.629172743,TX,"[[-94.0041569237246, 31.9794192356955], [-94.0046918866459, 31.9795203930261], [-94.0046804645671, 31.9770566989285], [-94.0095803522338, 31.9758257491156], [-94.0150290000463, 31.9744360001499], [-94.0165100003529, 31.9740609998571], [-94.0179020000728, 31.9734190002921], [-94.0271630000347, 31.9710719997753], [-94.0290100000393, 31.9706340001055], [-94.0351040002468, 31.9632439997917], [-94.0384009996976, 31.9597670001949]]","[[-94.0041569237246, 31.9794192356955], [-94.0384009996976, 31.9597670001949]]"
155701,2024,high,southwestern electric power,southwestern electric power,southwestern electric power,tl diana,southwest shreveport,345,1,46.45,0,46.45,"['AR', 'LA', 'TX']",0,0,0,0,0,0,0,2156.0  ACSR,ACSR,2156 KCMIL,1,2156_BLUEBIRD,Bluebird,2156,1.762,2508,60.3,25,75,20,100,0.0422928,0.04314548,0.05544,9390.688283,2.05E-05,3390,4664,263,filled,3,Steel,Pole,southwest shreveport,diana,345,57.08478412,TX,"[[-93.8646256431796, 32.4047816713161], [-93.8654165972108, 32.4047993556851], [-93.8656005155872, 32.4045773850139], [-93.8659524988717, 32.4045773850139], [-93.8676077696485, 32.4055508869726], [-93.8917454213827, 32.4189101349154], [-93.8956367471237, 32.4211171050895], [-93.9000411285713, 32.4211242436804], [-93.9266994197551, 32.4209279382897], [-93.9859480621357, 32.4217865248713], [-93.9901881102767, 32.421840894219], [-93.9922811848887, 32.4218650836393], [-93.9948762380815, 32.4219046663131], [-94.0028957681174, 32.4217110750248], [-94.0070488593389, 32.4216098432222], [-94.0095448283559, 32.4215659381578], [-94.0127755294437, 32.42134155868], [-94.0167358422053, 32.4210644786273], [-94.0210765016581, 32.4207433398409], [-94.0247033597862, 32.4204970441955], [-94.0280017040149, 32.4202683397357], [-94.0366457428364, 32.4196491837351], [-94.0409794852615, 32.419343586028], [-94.0445201051224, 32.4190972873192], [-94.048641755309, 32.4185037536481], [-94.0535308362428, 32.4177917668282], [-94.0567330607361, 32.4172962771049], [-94.0605583567105, 32.417679079934], [-94.064269655577, 32.4180008362854], [-94.0681227103919, 32.4183507251092], [-94.0769864771318, 32.4191233717386], [-94.0815017690759, 32.4195296751424], [-94.0838776333394, 32.4217536909258], [-94.086712536713, 32.4244026618728], [-94.0899146713748, 32.4273990581947], [-94.0922293603674, 32.4295805710602], [-94.0945913007439, 32.4317784842182], [-94.0970291487619, 32.4340879488785], [-94.1024784191069, 32.4391513530532], [-94.1057446036485, 32.4422317887087], [-94.109080317793, 32.4453778471427], [-94.1117845162928, 32.4479017249124], [-94.1149588031807, 32.4508785408002], [-94.117362515218, 32.4531346817418], [-94.1196160289397, 32.4552474269538], [-94.1227374050575, 32.4581536592948], [-94.128972071557, 32.4640056342661], [-94.1316539029046, 32.4665149688368], [-94.134538932271, 32.4691860433378], [-94.1372097134423, 32.4716998573172], [-94.1402422461784, 32.4745139337276], [-94.1428795201895, 32.4769633353743], [-94.1431903372778, 32.4796982857936], [-94.143556221093, 32.4826787490715], [-94.1442919413107, 32.488984447781], [-94.1446106635735, 32.4914833882734], [-94.1451300685725, 32.495548448908], [-94.1455824610479, 32.4993612611898], [-94.1459444821074, 32.5024107726422], [-94.1462277209165, 32.5052477549982], [-94.1464559828302, 32.5069698857648], [-94.1489975862635, 32.5083567626633], [-94.1517674516106, 32.5098431623688], [-94.1588001823069, 32.513638247957], [-94.1627639975998, 32.5157675259092], [-94.1668126156521, 32.5179380361053], [-94.1697044722147, 32.5195171413671], [-94.1736388236646, 32.5213019430608], [-94.1778014370281, 32.5231763897883], [-94.1808624463588, 32.5245696827369], [-94.1840139160385, 32.5262017659667], [-94.1929293359073, 32.5308027661907], [-94.1970762287534, 32.5329588256884], [-94.2005636683494, 32.5347682783248], [-94.2050529989818, 32.5370883537768], [-94.2085715202866, 32.5389024927157], [-94.2115428777519, 32.540443364996], [-94.2151734189727, 32.542326575361], [-94.2182531132612, 32.5439166873627], [-94.2235723659436, 32.5464359988428], [-94.2242857495517, 32.5467756809179], [-94.2278254710973, 32.5484549899977], [-94.2307961099103, 32.5498658367419], [-94.2346263466187, 32.5516815347915], [-94.238313751197, 32.5534231438356], [-94.2421446167261, 32.5552334697642], [-94.2462426412207, 32.5571679317737], [-94.2511501376179, 32.5594940919151], [-94.258828667172, 32.5633769482568], [-94.2622756825802, 32.5652503646395], [-94.2664348823456, 32.5674918278816], [-94.270079346555, 32.5694589571065], [-94.2726833837989, 32.570870382082], [-94.2765198188828, 32.5729428896495], [-94.2798582279732, 32.5747504750388], [-94.2842956359822, 32.5771440812573], [-94.2914678750421, 32.5810262493121], [-94.2954211809444, 32.58315718427], [-94.3004678263791, 32.5859068413374], [-94.3046390635694, 32.5881614872209], [-94.3087704155611, 32.5904070696521], [-94.311309054554, 32.5917548916305], [-94.3146095547394, 32.5938755812651], [-94.3177228460195, 32.5958774753136], [-94.3243858301449, 32.6001385876837], [-94.3281962140856, 32.6025697327066], [-94.3322311768472, 32.6051550363775], [-94.3356088423155, 32.6073076446354], [-94.3386253850396, 32.6092246376669], [-94.3419667585704, 32.611372079795], [-94.3460506804134, 32.6139902707748], [-94.3468703401096, 32.6145080727054], [-94.3525208851805, 32.6181127392007], [-94.3558729486632, 32.6202253900331], [-94.358687999269, 32.6220645556717], [-94.3615896465699, 32.6239169237757], [-94.3653982347783, 32.626362326891], [-94.3677431071645, 32.6278518398605], [-94.3703378010311, 32.629518585166], [-94.373184472335, 32.6313342589446], [-94.3766506218587, 32.6335575769618], [-94.3841792225919, 32.6383617796349], [-94.3879282515986, 32.6407684363544], [-94.3912418671872, 32.6428828216644], [-94.3949528076259, 32.6452677243147], [-94.398933961302, 32.6477835676563], [-94.4007784082945, 32.6489589412835], [-94.4016953815871, 32.6495432776398], [-94.4046871317076, 32.6514701827512], [-94.4104761448931, 32.6551599736648], [-94.4130070583746, 32.6567722846907], [-94.416590797369, 32.6590602389141], [-94.4206844201188, 32.6616830848278], [-94.4237367032147, 32.663560792091], [-94.4272546981068, 32.6647243583286], [-94.4308759992566, 32.6658913116991], [-94.4316424292806, 32.6661382902776], [-94.4403070404203, 32.6689157238109], [-94.4448830575793, 32.670399537286], [-94.4498533462148, 32.6719973580003], [-94.4531965163762, 32.673066438364], [-94.457196086414, 32.6743480610258], [-94.4611218131388, 32.6756131820222], [-94.4644269845637, 32.6766769246277], [-94.4683997839077, 32.6779379303029], [-94.4733832777779, 32.6795401528832], [-94.4801908008325, 32.6817342211598], [-94.4833935643149, 32.682861479332], [-94.4862462543312, 32.6838695638565], [-94.4904410273819, 32.6853519948533], [-94.49402674267, 32.6866439511629], [-94.4978669506781, 32.6879805709787], [-94.502237703693, 32.6895334706577], [-94.5056616323984, 32.6907397857503], [-94.513232813276, 32.6934064567615], [-94.5163147533528, 32.6945131551405], [-94.5204568851279, 32.6959843721746], [-94.5237256747837, 32.697132466311], [-94.5272542572197, 32.6983895530375], [-94.5323722288879, 32.7001952860021], [-94.5361869247419, 32.7015306446277], [-94.5400298276959, 32.7028878292917], [-94.5486422458193, 32.7059388870803], [-94.5522356866189, 32.7072029557986], [-94.5556287132785, 32.7084106942555], [-94.5598254626228, 32.7098762400133], [-94.5631228187047, 32.7110377599512], [-94.5677943276768, 32.7126980412968], [-94.5712672145652, 32.7138819717256], [-94.5740534723695, 32.7157072069799], [-94.5780187725775, 32.7182328450584], [-94.581972437806, 32.720743989329], [-94.5854637401577, 32.7229503460008], [-94.5894477684428, 32.7254796460032], [-94.5922213168825, 32.7272631417726], [-94.5948552671271, 32.728929393358], [-94.5974310074396, 32.7305675779664], [-94.6006723975809, 32.7326083520516], [-94.603989336936, 32.7346769628348], [-94.613439613725, 32.7356610379725], [-94.6178780997123, 32.7361190300755], [-94.6229869085646, 32.7366455556237], [-94.6275420857073, 32.7371234912328], [-94.6313665731979, 32.7375224623602], [-94.6342907691108, 32.737806954347], [-94.6389869817531, 32.7383019599271], [-94.6426052160544, 32.7386549836787], [-94.6530231580675, 32.7397311232238], [-94.6564244492277, 32.7400769630918], [-94.661765652244, 32.740641170338], [-94.6649277220441, 32.7409429547403], [-94.6685022083912, 32.7413229426604], [-94.6728526585823, 32.7417679851118], [-94.6762791025705, 32.7421284746683], [-94.6799826777222, 32.7425119339643], [-94.68743573014, 32.7432664546601], [-94.6913691832745, 32.7436764288783], [-94.6951497431478, 32.7440664542032], [-94.6974760204075, 32.7445353587943], [-94.6982902596692, 32.7443278601281]]","[[-93.8646256431796, 32.4047816713161], [-94.6982902596692, 32.7443278601281]]"
155706,2024,medium,southwestern electric power,southwestern electric power,public service of oklahoma,tl valliant,nw texarkana tx portion,345,1,43.48,0,43.48,"['AR', 'LA', 'TX']",0,0,0,0,0,0,0,2-954 ACSR,ACSR,954 KCMIL,2,954.0_CARDINAL,Cardinal,1079.778,1.181103,1228.267761,33.82875,25,75,20,100,0.09446852,0.09446852,0.12037897,10007.60391,1.93E-05,1977,2757,263,refa,1,Steel,Pole,valliant,unknown,345,43.37817081,TX,"[[-94.719893926582, 33.4342680021556], [-94.7196900099109, 33.4344698862977], [-94.7202986194142, 33.4371879556831], [-94.7214043547991, 33.4405618501944], [-94.7223107549208, 33.4434801677196], [-94.723392685849, 33.4467983506783], [-94.7243607103991, 33.4497164591523], [-94.7252006351898, 33.4523573781133], [-94.7260595144329, 33.4550100577113], [-94.7271652507162, 33.4584584290909], [-94.7281190818848, 33.46136827624], [-94.7291441485572, 33.4645630233384], [-94.7301833205762, 33.4677498577339], [-94.7311561061974, 33.4708018443365], [-94.7320957439846, 33.4737112756354], [-94.7332156736493, 33.4771509613638], [-94.7341647437469, 33.4800641513321], [-94.7352229591516, 33.4833848302504], [-94.7363761255836, 33.4869548660781], [-94.7372491991065, 33.4896064883638], [-94.7382600732957, 33.4927843857339], [-94.7390999082548, 33.4954516347024], [-94.7399943607832, 33.4980968541152], [-94.7409197153574, 33.5009855943661], [-94.7419447829281, 33.5041748350116], [-94.7430456683088, 33.5076213240045], [-94.7440090216195, 33.5105334897273], [-94.7450767591662, 33.5138530743297], [-94.7460780213819, 33.5169073301849], [-94.7471396503847, 33.5202292906952], [-94.7481026443692, 33.523275533716], [-94.7490321311937, 33.5262015507454], [-94.7501629295751, 33.5296533776668], [-94.7510991546625, 33.5325651761438], [-94.7522232165775, 33.5360166741476], [-94.7531728256643, 33.5389449563045], [-94.7541090498534, 33.5418480553108], [-94.755179482346, 33.5451565551731], [-94.756139152564, 33.5482020689819], [-94.7570820242862, 33.5511216282776], [-94.7580316333731, 33.5540326279643], [-94.7592832560584, 33.5568457631943], [-94.7606254289245, 33.5598042549481], [-94.7621220221878, 33.5625555216607], [-94.7635682199637, 33.5652509347155], [-94.7651822230347, 33.5682146782054], [-94.7667257083558, 33.571069266216], [-94.7683364765935, 33.5740859492486], [-94.7699202073377, 33.5769430367068], [-94.771608051925, 33.5800881650319], [-94.7730374512051, 33.5827018327181], [-94.7746615154073, 33.5857013461595], [-94.7762721048802, 33.5887146741549], [-94.777906320045, 33.5916999846513], [-94.7795169104163, 33.5947158717341], [-94.7810135027813, 33.5974381917098], [-94.7822382658397, 33.5996936813111], [-94.7837851647589, 33.6025444597451], [-94.785405815363, 33.6055291427005], [-94.7870283524292, 33.6085443217489], [-94.7886604116374, 33.6115639589105], [-94.7902368651295, 33.6144670859617], [-94.7918755718708, 33.6174735739598], [-94.7932432568908, 33.6199771917063], [-94.79507285563, 33.6233717878596], [-94.7968490046098, 33.6266293673454], [-94.7986653082827, 33.6299867496762], [-94.8000196982366, 33.6324972596337], [-94.8013786695984, 33.6350040323482], [-94.8026175362067, 33.6372445532374], [-94.8040297776649, 33.6398620228888], [-94.8058592865725, 33.6432558347255], [-94.8076222303176, 33.6465053327998], [-94.8091098404281, 33.649244635735], [-94.810601942115, 33.6520059871164], [-94.8120895522255, 33.654748779723], [-94.8138436026493, 33.6579978439384], [-94.8154112526516, 33.6607921862925], [-94.8169681228705, 33.6637577297746], [-94.8185839225721, 33.6667654878131], [-94.8201910086154, 33.66976955211], [-94.8220023715543, 33.6731493261033], [-94.8237527388854, 33.676366447313], [-94.8255813485794, 33.6797677900136], [-94.8269365479153, 33.6822833507182], [-94.8285739970152, 33.6852868736995], [-94.8301724592318, 33.6883010536511], [-94.8316536005739, 33.6909790830214], [-94.8334257978648, 33.6942858238444], [-94.8347592570725, 33.6967865358957], [-94.8365401671233, 33.7000424572027], [-94.838303560026, 33.7033705217462], [-94.8395632684473, 33.7056831711668], [-94.8411399007041, 33.7085412757459], [-94.8426775469759, 33.7113921877578], [-94.8439762413822, 33.7138381517416], [-94.8455876393388, 33.7167935722271], [-94.8473598357313, 33.7200559828282], [-94.8488583145585, 33.7227944380503], [-94.8503395484271, 33.7255508873209], [-94.8518467409124, 33.728325251942], [-94.8534663144365, 33.7312979543035], [-94.8551042117957, 33.7343366668736], [-94.8565049548183, 33.7369406483662], [-94.8565494214248, 33.7402656393661], [-94.8565610851505, 33.7420584492701], [-94.8566272164267, 33.7635187447065], [-94.9051361752939, 33.8280862921224], [-94.9528969695817, 33.8900196866702], [-94.9810158369758, 33.9185913097283], [-95.0423940336538, 33.9793270522202], [-95.0504627033324, 33.9870685970534], [-95.0507721037775, 33.9877315203311]]","[[-94.719893926582, 33.4342680021556], [-95.0507721037775, 33.9877315203311]]"
155720,2018,medium,southwestern electric power,southwestern electric power,southwestern electric power,arsenal hill,lieberman,138,1,19.9,1.03,20.93,"['AR', 'LA', 'TX']",0,0,0,0,0,0,0,2x266.8  ACSR,ACSR,266.8 KCMIL,2,266.8_WAXWING,Waxwing,282.282,0.5905515,289.4075907,6.885,25,75,20,100,0.33957169,0.33957169,0.41521088,9572.490695,2.12E-05,609,828,263,refa,2,Steel,Pole,lieberman kv,unknown,138,26.97294576,TX,"[[-94.3705461526849, 32.7802396413529], [-94.3709554197384, 32.7803728913039], [-94.3709696966632, 32.7828142176734], [-94.3674005058848, 32.7828047001415], [-94.363985286346, 32.7804039347699], [-94.3632729106476, 32.7806709853186], [-94.3623399203936, 32.7810209711641], [-94.3585359135931, 32.7824459748455], [-94.3554029501065, 32.7836189348326], [-94.3540299650263, 32.7841339266729], [-94.3497947938389, 32.7856983620651], [-94.3471892842562, 32.7866739407809], [-94.342930048999, 32.7883812049743], [-94.3372240033149, 32.7903825316758], [-94.3312112036225, 32.7925928500346], [-94.3277907289393, 32.7938777588093], [-94.3258931079702, 32.7945797003259], [-94.3245339623353, 32.7950159533695], [-94.3131408990814, 32.7927319392235], [-94.3042429074274, 32.7909499808189], [-94.2999509357646, 32.7902129311797], [-94.2998489769799, 32.7901959396969], [-94.2951299471293, 32.789510990689], [-94.2915729779303, 32.7890819710041], [-94.2871829111369, 32.7885519802646], [-94.2801569178052, 32.787501955686], [-94.2705029031098, 32.7862259606854], [-94.2701219275978, 32.786175965717], [-94.2600598981004, 32.7847119767286], [-94.2521129519394, 32.7837269330752], [-94.2520489020597, 32.7837179458138], [-94.2384679020998, 32.7817209387247], [-94.2380929453002, 32.7816659573331], [-94.2346489841639, 32.7812079721002], [-94.2332659379525, 32.7811159821896], [-94.2249389145948, 32.7810469519315], [-94.2240499417896, 32.7810249740154], [-94.2211969822788, 32.7809539800222], [-94.2170279010452, 32.7809179543254], [-94.2130889681874, 32.7808839678055], [-94.2083969776269, 32.7807459816462], [-94.2012126831759, 32.7823285699964], [-94.1613519519743, 32.7800062161168], [-94.1601329228624, 32.7798699551315], [-94.1596959823082, 32.7798399711158], [-94.1592649706349, 32.7798099870901], [-94.1579009687075, 32.7797149746699], [-94.1550879842268, 32.7795599939384], [-94.142700935111, 32.7788759456427], [-94.1420857688045, 32.7788418828154], [-94.1412458440138, 32.7787953579571], [-94.140278897442, 32.7787419600784], [-94.1402127814371, 32.7787382592341], [-94.1376569846222, 32.77859694729], [-94.1358706846797, 32.7784982327202], [-94.130973968066, 32.7782279936612], [-94.1252939331009, 32.778004899163], [-94.0675419495607, 32.7783629633707], [-94.0431992906006, 32.7769618838007], [-94.0289150993177, 32.7761783521562], [-94.0180647559377, 32.7672553731781], [-93.9942225574054, 32.7475962659228], [-93.9944509846091, 32.7419854967234], [-93.9880549941592, 32.7378595123475], [-93.9771047150005, 32.7328483670161], [-93.9739967785777, 32.7301024629492], [-93.9682769428557, 32.7231009663589], [-93.9605279269928, 32.7078229650189], [-93.9604675233748, 32.7064704549892], [-93.9608438015962, 32.7063321570065]]","[[-94.3705461526849, 32.7802396413529], [-93.9608438015962, 32.7063321570065]]"
158523,2013,low,new york state electric gas,new york state electric gas,,stolle road,meyer,230,1,9,0,9,['NY'],0,0,0,0,0,0,0,1033 ACSR,ACSR,1033 KCMIL,1,1033.5_CURLEW,Curlew,1172.556,1.2598432,1331.823557,36.63,25,75,20,100,0.08706554,0.08706554,0.11136664,10007.60391,1.93E-05,2182,2926,263,refa,Stl. Tower,Steel,Lattice Tower,moses,,230,4.678395005,NY,"[[-74.8044150423222, 45.0040814890663], [-74.8026664572486, 45.0033467571609], [-74.8018495922113, 45.0014112102522], [-74.8001112982376, 44.9969231567534], [-74.7990931647626, 44.9943701552617], [-74.7972594930619, 44.9921131562348], [-74.795710039334, 44.992628095145], [-74.7906997073964, 44.9943461599425], [-74.7869082410773, 44.9956398707932], [-74.7866208071358, 45.0005658167565], [-74.7862960284314, 45.0048904302157], [-74.7858422004482, 45.0097030347865], [-74.7851854681951, 45.0183119247813], [-74.785142638319, 45.0238513101285], [-74.7862847788291, 45.0262498067327], [-74.79987626123, 45.0383422278499]]","[[-74.8044150423222, 45.0040814890663], [-74.79987626123, 45.0383422278499]]"
200622,2023,medium,pacific gas electric,pacific gas electric,pacificorp,moss landing,del monte,115,1,23,0,23,['CA'],0,0,0,0,0,0,0,2300 - AAC - SINGLE 397.5 - AAC - SINGLE 715.5 - AAC - BUNDLE 715.5 - AAC - SINGLE,AAC,397.5 KCMIL,1,397.5_CANNA,Canna,397.5,0.723,373,7.11,25,75,20,100,0.22968,0.23431065,0.281952,7977.073704,2.30E-05,886,1161,263,filled,T SSP,Steel,Lattice Tower & Single Pole Combination,del norte,cave junction,115,41.78606967,CA,"[[-123.637519349232, 42.1659863998168], [-123.637212121811, 42.1661045979263], [-123.63712278256, 42.1668551037278], [-123.636772856417, 42.1693790942655], [-123.63679354372, 42.1702424419179], [-123.636797610393, 42.1729567917336], [-123.637757260848, 42.1729649752652], [-123.645738982591, 42.1730330279599], [-123.655353166885, 42.1731059832327], [-123.661538400891, 42.1732032559112], [-123.666304476411, 42.1689838970224], [-123.667945121717, 42.1675186068947], [-123.670455309268, 42.1646548093042], [-123.673892462073, 42.1608058072763], [-123.678084312005, 42.1560808827691], [-123.678642130763, 42.152869921881], [-123.679462454314, 42.1485397322658], [-123.679265576841, 42.1461555681572], [-123.67912612058, 42.1439902810534], [-123.678863617582, 42.1402251797596], [-123.678551895891, 42.1357602960226], [-123.684868380946, 42.1338927367169], [-123.685557453448, 42.121852657845], [-123.685672297667, 42.1199968581145], [-123.685907023858, 42.1153540100639], [-123.686057849197, 42.1115690201169], [-123.686377775202, 42.1060614159605], [-123.688773117636, 42.1031157163024], [-123.691824718911, 42.0998351173206], [-123.705113947863, 42.0861752868304], [-123.720068432367, 42.0823580426708], [-123.725900927605, 42.075082120209], [-123.728665415637, 42.0715869436693], [-123.733251019616, 42.0660575982897], [-123.735900663429, 42.0633901847112], [-123.739247579565, 42.0597725572414], [-123.740568298866, 42.0546502763277], [-123.74406287378, 42.0503742873292], [-123.745153903744, 42.0489306187894], [-123.747934797707, 42.0454766462374], [-123.748869964579, 42.0413096997132], [-123.754299823229, 42.037060843999], [-123.765313350072, 42.0284333299209], [-123.77083260367, 42.0263465857305], [-123.774168879261, 42.0182731651058], [-123.776895398201, 42.0107941511047], [-123.778209498714, 42.0065233117143], [-123.783590804321, 42.0042157388219], [-123.788943636029, 41.9981022296902], [-123.794008618774, 41.9922367341315], [-123.795280636809, 41.9902725341742], [-123.80172036623, 41.9798890422846], [-123.808204371815, 41.9697232771792], [-123.815835445169, 41.9640817121658], [-123.817017609219, 41.9625208257221], [-123.822199664903, 41.956139237736], [-123.822045258878, 41.951403228692], [-123.822944244306, 41.9483308420069], [-123.826890339431, 41.9434256412448], [-123.828267001316, 41.9380617727512], [-123.830403966714, 41.9342160621805], [-123.842489373236, 41.920599286219], [-123.846405033439, 41.9154060891985], [-123.85730261383, 41.9118657938156], [-123.859192068215, 41.9097108747545], [-123.862084043356, 41.9059804651824], [-123.863850267748, 41.9037319211246], [-123.865305888851, 41.8974757490221], [-123.866658805568, 41.8935457472512], [-123.864958799588, 41.8873508500746], [-123.863990826242, 41.883369571726], [-123.86487834737, 41.881502651277], [-123.868498983766, 41.8748852482232], [-123.881067235651, 41.8761330196788], [-123.888122400874, 41.8716780366733], [-123.889337711859, 41.8694441322711], [-123.892882605005, 41.8627773509885], [-123.909885691226, 41.856299382757], [-123.918516977564, 41.8550100860593], [-123.931972693084, 41.8501834769256], [-123.941487045804, 41.8453114143276], [-123.966707123438, 41.8485001539412], [-123.968202840844, 41.8486928572275], [-123.976963976859, 41.8506478751864], [-123.978480846895, 41.8509722628162], [-123.98632762641, 41.850737326152], [-123.994888224318, 41.8505779992277], [-124.002146023418, 41.850385806825], [-124.010340990835, 41.8485050582542], [-124.017655807802, 41.8468753307803], [-124.024697482125, 41.8450890572621], [-124.033541919815, 41.8435553163207], [-124.040450549154, 41.844165941243], [-124.042672721553, 41.8451380621695], [-124.046317130965, 41.8457397777262], [-124.050685631006, 41.8464692441819], [-124.057235651984, 41.8475527472298], [-124.061161510761, 41.8482183590693], [-124.073896634592, 41.8503713050981], [-124.083608414553, 41.8520036728878], [-124.08919098231, 41.8529411950311], [-124.092505335415, 41.853994764323], [-124.098449960164, 41.8560671486949], [-124.103685108078, 41.8561732027917], [-124.107294214598, 41.8559684416702], [-124.109805431618, 41.8558423848334], [-124.112552946881, 41.8566149051799], [-124.11523652635, 41.8575055622348], [-124.116891340783, 41.8580382718282], [-124.117846813173, 41.8583303597888], [-124.117818291663, 41.8622760847398], [-124.118360201257, 41.8628549133163], [-124.12099115562, 41.8657249148768], [-124.122280212001, 41.865715017909], [-124.126157350649, 41.8667071502047], [-124.128865791892, 41.8674110517783], [-124.131490467929, 41.8680802767304], [-124.133579396816, 41.8680988290107], [-124.136690741447, 41.8681285181336], [-124.138576154312, 41.867997391795], [-124.138705724613, 41.8673813449291], [-124.139112780913, 41.8676682906936]]","[[-123.637519349232, 42.1659863998168], [-124.139112780913, 41.8676682906936]]"
300009,2004,medium,oncor electric delivery,oncor electric delivery,,corsicana,tap,138,1,11.36,0,11.36,['TX'],0,0,0,0,0,0,0,336.4 ACSR,ACSR,336.4 KCMIL,1,336.4_MERLIN,Merlin,355.32,0.6692917,365.5313883,8.68725,25,75,20,100,0.26876053,0.26876053,0.32991562,9572.490695,2.12E-05,650,942,263,refa,W-H-F,Wood,H-Frame,tap,,138,11.24075896,TX,"[[-102.319275295214, 34.6451694201512], [-102.364094256067, 34.6453481020265], [-102.390405999672, 34.6454530001646], [-102.390044999997, 34.6680059991737], [-102.389473000434, 34.7028040003503], [-102.38870799963, 34.7475810002099], [-102.388649000079, 34.7488920002303], [-102.388633000185, 34.749613000075]]","[[-102.319275295214, 34.6451694201512], [-102.388633000185, 34.749613000075]]"
300281,2023,medium,pacific gas electric,pacific gas electric,pacific gas electric,oleum,unocal,115,1,0,0,0,['CA'],0,0,0,0,0,0,0,250 - CU - SINGLE,CU,250 KCMIL,1,250_CU_UNLISTED,UNLISTED,255,0.5800774,875.8423058,5.607,25,75,20,100,0.2190144,0.2190144,0.26635436,17000,1.70E-05,609,828,263,expanded,0,Steel,Pole,unocal,,115,8.166978044,CA,"[[-122.23449721459, 38.0534064827531], [-122.23416792275, 38.0389204418612], [-122.234104604099, 38.0361349381816], [-122.234164089638, 38.0299007502929], [-122.234184501158, 38.0212870401212], [-122.234223576975, 38.0151599876868], [-122.23430685709, 38.0083666270582], [-122.234325821424, 38.0044599989486], [-122.234326397244, 38.0043413777688], [-122.234342548953, 38.0010140916525], [-122.234359263007, 38.0009994578067], [-122.236733908257, 37.9989201676638], [-122.239446493428, 37.9966001930171], [-122.242539791803, 37.9938519159937], [-122.244157825615, 37.9917460926993], [-122.245954318741, 37.9892357610316], [-122.250284938622, 37.9832157250791], [-122.254068280578, 37.9779452181531], [-122.256364460682, 37.9747329466846], [-122.260064524319, 37.9694743376833], [-122.266060763569, 37.9612057113373], [-122.266179738242, 37.9595995750453], [-122.268352507793, 37.9572373079044], [-122.270817808326, 37.9583000043078], [-122.273502331026, 37.9594262182103], [-122.275529899589, 37.9600294077136], [-122.275614856859, 37.96004746004], [-122.277062482058, 37.9603550430079], [-122.277776193551, 37.9608986581688], [-122.278000123789, 37.9610692202845], [-122.277951064096, 37.9627037490234], [-122.277950393055, 37.9627261060941], [-122.277936913834, 37.9627617880129], [-122.277203417845, 37.9647034571423], [-122.278239954207, 37.9655544632018], [-122.278240918099, 37.9655552549856], [-122.278568784313, 37.96608209879]]","[[-122.23449721459, 38.0534064827531], [-122.278568784313, 37.96608209879]]"
300464,2008,low,nevada power dba nv energy,nevada power dba nv energy,nevada power dba nv energy,venetian,strip,138,1,0.36,0,0.36,['NV'],0,0,0,0,0,0,0,954 MCM ACSR,ACSR,954 KCMIL,1,954.0_CARDINAL,Cardinal,1079.778,1.181103,1228.267761,33.82875,25,75,20,100,0.09446852,0.09446852,0.12037897,10007.60391,1.93E-05,1977,2757,263,refa,S-STEEL,Steel,Pole,tap,,138,0.836492118,NV,"[[-115.043358849732, 36.1856885338826], [-115.042848009271, 36.185857083843], [-115.042825999648, 36.1849379992444], [-115.04281800015, 36.1831290002549], [-115.042823000173, 36.1813140000741], [-115.04281800015, 36.1795050000538], [-115.042805999557, 36.1768579999823], [-115.042788000013, 36.1752039991053], [-115.042883000448, 36.174198999999]]","[[-115.043358849732, 36.1856885338826], [-115.042883000448, 36.174198999999]]"
300543,2024,low,pacificorp,pacificorp,,th south ut,sandy ut,138,1,1.49,0,1.49,"['CA', 'ID', 'OR', 'UT', 'WA', 'WY']",0,0,0,0,0,0,0,1-795 AAC /37,AAC,795 KCMIL,1,795_ARBUTUS,Arbutus,795,1.026,745,13.9,25,75,20,100,0.114576,0.116886,0.14256,7977.073704,2.30E-05,1564,2104,263,filled,Steel - SP,Steel,Pole,san mateo,,115,4.361377198,CA,"[[-122.318030889904, 37.5830080569592], [-122.318175487224, 37.5844197489085], [-122.317265342025, 37.5851335873098], [-122.315332030092, 37.5834739131435], [-122.313410617242, 37.581820186917], [-122.311776313144, 37.5804290847476], [-122.31141186843, 37.5801188722509], [-122.309448814176, 37.5784056600503], [-122.307444117618, 37.5767281397072], [-122.305463215636, 37.5751755433398], [-122.304077513106, 37.5742342948476], [-122.303913502295, 37.574122890322], [-122.303352633757, 37.5737419166696], [-122.29561063194, 37.571554755964], [-122.295300537995, 37.5714671516883], [-122.286667852981, 37.5690496210599], [-122.28146159309, 37.5675933910893], [-122.279529362728, 37.5665229529371], [-122.279434292225, 37.5664702842983], [-122.279464860097, 37.5661481487691], [-122.279558024375, 37.5651663391091], [-122.279529471424, 37.5620825592785], [-122.279538988176, 37.5580374750909], [-122.279529471424, 37.5544682839384], [-122.282689395149, 37.5545634620905], [-122.285097409218, 37.5560387281984], [-122.287514940938, 37.5549441763315], [-122.289355700346, 37.5532186761871], [-122.291893150868, 37.5517842523075], [-122.292634720914, 37.5517034589347]]","[[-122.318030889904, 37.5830080569592], [-122.292634720914, 37.5517034589347]]"
300707,2020,medium,pacific gas electric,pacific gas electric,pacific gas electric,pentland tap,,70,1,0.55,0,0.55,['CA'],0,0,0,0,0,0,0,4/0 - AAC - SINGL,AAC,4/0 AWG,1,4/0_OXLIP,Oxlip,211.6,0.522,198,3.83,25,75,20,100,0.431376,0.4400731,0.527472,7977.073704,2.30E-05,609,828,263,filled,SWP,Wood,Single Pole,pentland,texaco bt,70,0.58929989,CA,"[[-119.296799834108, 35.083119103183], [-119.29712348902, 35.0834471777934], [-119.297138585209, 35.0825971310715], [-119.297104657637, 35.0817001166894], [-119.298194800963, 35.0817270316824], [-119.301517884795, 35.0817268809826], [-119.303720974283, 35.0817198907158], [-119.303733268626, 35.0822799621662], [-119.304200598288, 35.0823234479482]]","[[-119.296799834108, 35.083119103183], [-119.304200598288, 35.0823234479482]]"
301103,2024,medium,nevada power dba nv energy,nevada power dba nv energy,nevada power dba nv energy,mccullough,tolson,230,1,19.2,0,19.2,['NV'],0,0,0,0,0,0,0,Cardinal 954kcm 5,ACSR,954 KCMIL,1,954.0_CARDINAL,Cardinal,1079.778,1.181103,1228.267761,33.82875,25,75,20,100,0.09446852,0.09446852,0.12037897,10007.60391,1.93E-05,1977,2757,263,refa,S-Poles,Steel,Single Pole,mccullough,unknown,230,17.46062507,NV,"[[-115.012996182099, 35.8039243916977], [-115.010673001332, 35.8078630002403], [-115.007792000011, 35.8093450000347], [-115.00666800008, 35.8110469996782], [-115.006340000017, 35.8133079998997], [-115.004867073768, 35.8234838936718], [-115.004585910068, 35.8254263470753], [-115.004234851149, 35.8278516801785], [-115.00401775799, 35.8293514930755], [-115.003822999643, 35.8306969999993], [-114.999830000781, 35.8581609997241], [-114.996796000198, 35.8789369992794], [-114.996710000883, 35.8954459999674], [-114.99654299958, 35.9258360000375], [-114.996458000988, 35.9407809996761], [-114.997062975907, 35.942338576682], [-114.99722200017, 35.9427479990556], [-115.002083999593, 35.9505410002103], [-115.002076198623, 35.9509247446824], [-115.002057999654, 35.9518200001255], [-115.009136000949, 35.9585890002728], [-115.032352999891, 35.9655829990224], [-115.06474299983, 35.9714559990062], [-115.067103039372, 35.9732883332688], [-115.075542017068, 35.9795033187317], [-115.084109193339, 35.9815488530736], [-115.086387780837, 35.9820928980449], [-115.090500639212, 35.9821842947605], [-115.090173072137, 36.0022842058595], [-115.090740050117, 36.0023149182442], [-115.090928425035, 36.0029621073312]]","[[-115.012996182099, 35.8039243916977], [-115.090928425035, 36.0029621073312]]"
301176,2020,medium,pacific gas electric,pacific gas electric,azusa light power,valley view tap,,115,1,0.97,0,0.97,['CA'],0,0,0,0,0,0,0,715.5 - AAC - SIN,AAC,715.5 KCMIL,1,715.5_NASTURTIUM,Nasturtium,715.5,0.975,671,13.1,25,75,20,100,0.127776,0.13035213,0.157872,7977.073704,2.30E-05,1221,1836,263,filled,SSP,Steel,Single Pole,valley,sun city,115,4.106386295,CA,"[[-117.145917684956, 33.6875324823701], [-117.145375000116, 33.687746000122], [-117.145484999721, 33.697129999749], [-117.145531999577, 33.6976780002087], [-117.145777999624, 33.6986649996895], [-117.145847001017, 33.6997499988256], [-117.145501693114, 33.7008823378267], [-117.145442000962, 33.7027980002454], [-117.145492000292, 33.7066980000077], [-117.154093999755, 33.7068320002985], [-117.154291001195, 33.7197070000308], [-117.154272000928, 33.7254790002258], [-117.154241486955, 33.7332519568102], [-117.154230000197, 33.736177999325], [-117.156656124302, 33.7389340762464]]","[[-117.145917684956, 33.6875324823701], [-117.156656124302, 33.7389340762464]]"
301342,2024,low,nevada power dba nv energy,nevada power dba nv energy,,decatur,mcdonald,230,1,1.52,0,1.52,['NV'],0,0,0,0,0,0,0,,unknown,unknown,1,,,,,,,25,75,,,,,,,,,,,,S-Steel,Steel,Pole,mohave,,230,1.563651189,NV,"[[-114.595318178286, 35.1474660086879], [-114.595339000336, 35.1488860002207], [-114.594268000108, 35.1487759991188], [-114.594247000192, 35.1535359992037], [-114.581964000241, 35.1536689997479], [-114.581328023562, 35.1537070556833], [-114.581228820809, 35.1580033266403], [-114.581222964691, 35.1582569061664], [-114.581221000076, 35.1583420002139], [-114.581613839638, 35.1581632867477]]","[[-114.595318178286, 35.1474660086879], [-114.581613839638, 35.1581632867477]]"
301703,2023,medium,pacific gas electric,pacific gas electric,pacific gas electric,schulte sw sta,lammers,115,1,1,0,1,['CA'],0,0,0,0,0,0,0,954 - ACSS - SINGLE,ACSS,954 KCMIL,1,954.0_RAIL,Rail,1020.558,1.181103,1076.020166,16.71525,25,75,20,200,0.09382478,0.0967216,0.11796495,8184.479544,1.87E-05,1836,2502,263,refa,T SSP,Steel,Lattice Tower & Single Pole Combination,gwf tracy,lammers,115,0.680691319,CA,"[[-121.477970546171, 37.7131274698179], [-121.480327923106, 37.7126099242716], [-121.483733746266, 37.7118621987574], [-121.48585354486, 37.7113968131519], [-121.488421888444, 37.7108329500669], [-121.489970325279, 37.7104930023012]]","[[-121.477970546171, 37.7131274698179], [-121.489970325279, 37.7104930023012]]"
301730,2020,medium,pacific gas electric,pacific gas electric,pacific gas electric,skaggs island tap,,115,1,0.6,0,0.6,['CA'],0,0,0,0,0,0,0,4/0 - AAC - SINGL,AAC,4/0 AWG,1,4/0_OXLIP,Oxlip,211.6,0.522,198,3.83,25,75,20,100,0.431376,0.4400731,0.527472,7977.073704,2.30E-05,609,828,263,filled,T,Steel,Lattice Tower,highway junction,skaggs island junction,115,7.09823136,CA,"[[-122.380997999707, 38.1526799999678], [-122.378531716417, 38.152420790249], [-122.367667999817, 38.1512790001045], [-122.365156453115, 38.1513976466766], [-122.35771900084, 38.1517489998964], [-122.356843052708, 38.151794646996], [-122.318786167344, 38.1537778268805], [-122.304947000554, 38.1544989998213], [-122.304181633237, 38.1545867197619], [-122.276886276617, 38.1577150720061], [-122.27556282015, 38.1578667542549], [-122.27536000122, 38.157889999707], [-122.269148024368, 38.1604669030914], [-122.260121416423, 38.164211394207], [-122.253739000415, 38.1668589998122]]","[[-122.380997999707, 38.1526799999678], [-122.253739000415, 38.1668589998122]]"
301903,2024,high,nevada power dba nv energy,nevada power dba nv energy,nevada power dba nv energy,iron mountain,washburn,138,1,5.91,0,5.91,['NV'],0,0,0,0,0,0,0,,unknown,unknown,1,,,,,,,25,75,,,,,,,,,,,,S-Steel,Steel,Pole,washburn,iron mountain,138,5.810078005,NV,"[[-115.208288077931, 36.3225809699088], [-115.207337000098, 36.3215139996791], [-115.207258414579, 36.3185165220487], [-115.207366001309, 36.3059109998855], [-115.207083147877, 36.2971590079787], [-115.206657500044, 36.2770033231961], [-115.206156736884, 36.2763022552776], [-115.200673388949, 36.2761520268603], [-115.197318281076, 36.27595172113], [-115.188880436155, 36.2757764541902], [-115.189506389431, 36.2530168052982], [-115.19041132979, 36.2528670246858]]","[[-115.208288077931, 36.3225809699088], [-115.19041132979, 36.2528670246858]]"
302093,2024,high,nevada power dba nv energy,nevada power dba nv energy,nevada power dba nv energy,faulkner,greenway,230,1,6.87,0,6.87,['NV'],0,0,0,0,0,0,0,Cardinal 954kcm 5,ACSR,954 KCMIL,1,954.0_CARDINAL,Cardinal,1079.778,1.181103,1228.267761,33.82875,25,75,20,100,0.09446852,0.09446852,0.12037897,10007.60391,1.93E-05,1977,2757,263,refa,S-Steel,Steel,Pole,faulkner,greenway,230,6.910360899,NV,"[[-115.031276471431, 36.0355895318457], [-115.029561342314, 36.0345623620394], [-115.029623948601, 36.0271121678532], [-115.029625049037, 36.0269812396624], [-115.029511228897, 36.0269802828572], [-115.022043927403, 36.0269175332624], [-115.013172742375, 36.0225695363615], [-115.005837771705, 36.018900828815], [-115.001696823011, 36.015184592069], [-115.000343051996, 36.0141228109656], [-115.000608496976, 36.0102473076565], [-114.996971895721, 36.0012221630623], [-114.994742154116, 35.9957539882297], [-114.994826999995, 35.9936089990548], [-114.999906000051, 35.9817770002255], [-115.000009000881, 35.9802750000895], [-114.976498000415, 35.9789930000157], [-114.976430000643, 35.9863089996424], [-114.975686050959, 35.9863161768402], [-114.975845200986, 35.9866828076461]]","[[-115.031276471431, 36.0355895318457], [-114.975845200986, 35.9866828076461]]"
302131,2024,high,nevada power dba nv energy,nevada power dba nv energy,nevada power dba nv energy,durango,peace,138,1,2.15,0.42,2.57,['NV'],0,0,0,0,0,0,0,Cardinal 954kcm 5,ACSR,954 KCMIL,1,954.0_CARDINAL,Cardinal,1079.778,1.181103,1228.267761,33.82875,25,75,20,100,0.09446852,0.09446852,0.12037897,10007.60391,1.93E-05,1977,2757,263,refa,S-Steel,Steel,Pole,peace,durango,138,2.570366911,NV,"[[-115.276271344348, 36.1154546932918], [-115.2767428916, 36.1147542753443], [-115.276795770929, 36.1146757313376], [-115.286054712851, 36.1146963976505], [-115.301451835922, 36.1147480663118], [-115.314947568693, 36.1150580746631], [-115.315034760073, 36.1132538900274], [-115.315108947441, 36.1117187916505], [-115.315110000267, 36.1116969996855], [-115.315110948887, 36.1116131461393], [-115.315116525629, 36.1111205460228], [-115.315125187185, 36.1108618072581], [-115.315134288017, 36.1105899057697], [-115.31513034082, 36.1105897990871], [-115.315046595377, 36.1105875362553], [-115.314394945792, 36.1105699227414], [-115.314362336049, 36.1101496640005]]","[[-115.276271344348, 36.1154546932918], [-115.314362336049, 36.1101496640005]]"
302276,2010,high,sierra pacific power dba nv energy,sierra pacific power dba nv energy,sierra pacific power dba nv energy,bannock,jersey valley,120,1,0.6,0,0.6,"['NV', 'CA']",0,0,0,0,0,0,0,397.5 AA,ACSR,397.5 KCMIL,1,397.5_CHICKADEE,Chickadee,418.488,0.7480319,431.3681862,9.9495,25,75,20,100,0.22852692,0.22852692,0.28002594,10950.3492,1.92E-05,802,1130,263,refa,SPWD-S,Steel,Pole,bannock,jersey,120,26.0481072,NV,"[[-117.174654093802, 40.4606855418244], [-117.177366749042, 40.4608162041043], [-117.227097484967, 40.441007192195], [-117.278315381846, 40.3940723217313], [-117.341252125897, 40.3366678251742], [-117.342501342894, 40.3354780962116], [-117.424235828339, 40.2887216857243], [-117.438691054361, 40.2803935736925], [-117.44032369927, 40.2785732678751], [-117.449636574245, 40.2571343412157], [-117.456120605881, 40.2432144938383], [-117.464151286705, 40.222037292938], [-117.473907076928, 40.201573927724], [-117.475065992578, 40.1818409066673]]","[[-117.174654093802, 40.4606855418244], [-117.475065992578, 40.1818409066673]]"
