ghgrp_facility_id,oris_code
1000001,54537
1000019,57937
1000031,57403
1000033,50300
1000034,10861
1000036,57908
1000036,57929
1000049,55478
1000050,55479
1000051,57483
1000052,55481
1000053,57504
1000055,50797
1000057,55494
1000058,55499
1000059,55501
1000060,55504
1000061,55505
1000065,55510
1000067,55512
1000068,55514
1000069,55517
1000070,55518
1000071,55524
1000074,55538
1000075,55540
1000076,55544
1000078,55558
1000080,55625
1000081,55626
1000082,55627
1000084,136
1000085,70454
1000087,10030
1000088,880004
1000089,880007
1000091,581
1000092,880023
1000093,880024
1000095,55239
1000096,55281
1000097,55306
1000098,55320
1000099,880088
1000100,55372
1000101,55405
1000102,55182
1000106,55503
1000107,55412
1000108,7915
1000109,2869
1000110,7380
1000111,7909
1000112,7910
1000113,8053
1000114,7912
1000115,55192
1000116,7914
1000117,55622
1000118,7947
1000119,7948
1000120,7953
1000121,7962
1000122,10294
1000123,10349
1000124,50729
1000125,55694
1000126,55683
1000127,55690
1000128,55541
1000129,55672
1000130,55698
1000131,55699
1000132,55243
1000133,55656
1000135,55640
1000136,55641
1000138,55502
1000141,55645
1000144,55662
1000145,55664
1000146,55667
1000147,55542
1000148,55654
1000149,10075
1000150,55322
1000151,7964
1000152,55395
1000153,55736
1000155,1011
1000156,10474
1000157,55749
1000158,880041
1000159,50730
1000161,7307
1000162,7967
1000163,7981
1000164,8016
1000165,50240
1000166,50254
1000168,55397
1000169,55417
1000170,55661
1000171,55706
1000172,55708
1000173,55718
1000174,55738
1000175,55748
1000177,54207
1000179,880049
1000180,880050
1000181,7975
1000182,7984
1000183,10244
1000185,55714
1000186,880028
1000188,508
1000190,7988
1000192,2103
1000199,2243
1000200,1016
1000203,7925
1000207,7999
1000208,55262
1000209,7783
1000211,2039
1000219,4005
1000221,6635
1000222,7972
1000223,7985
1000224,7987
1000225,10378
1000226,10379
1000227,10381
1000228,50188
1000229,50189
1000230,50244
1000231,10384
1000232,50481
1000233,50732
1000234,54276
1000235,54532
1000236,55096
1000237,55522
1000241,147
1000244,55733
1000246,2847
1000248,55799
1000249,7991
1000250,8068
1000251,10151
1000252,10377
1000253,10743
1000254,50491
1000255,50815
1000256,50900
1000257,52007
1000258,52152
1000259,54304
1000260,54344
1000261,54556
1000262,54802
1000263,54844
1000264,55496
1000265,55516
1000266,55600
1000267,55786
1000268,55787
1000269,55801
1000270,55802
1000271,55835
1000272,50151
1000273,50479
1000274,880042
1000275,880053
1000276,880057
1000277,55927
1000278,55687
1000279,55847
1000280,55855
1000281,10670
1000282,55308
1000283,55807
1000284,8000
1000285,55867
1000288,2679
1000290,880052
1000294,10071
1000295,54081
1000296,10797
1000298,7989
1000300,55810
1000301,55818
1000302,3806
1000302,7032
1000303,7212
1000305,54216
1000307,880043
1000310,56026
1000311,50956
1000312,52087
1000314,55875
1000315,880071
1000316,880072
1000317,8031
1000318,10633
1000319,50806
1000320,54035
1000321,55963
1000322,55969
1000323,55970
1000324,57470
1000324,880074
1000325,880075
1000333,1730
1000334,10867
1000340,887
1000341,No Match
1000343,880076
1000345,50466
1000346,10298
1000347,10745
1000348,2440
1000353,880078
1000362,10435
1000364,10
1000373,55938
1000375,6139
1000377,50245
1000395,3604
1000396,50044
1000398,55241
1000401,880079
1000402,7345
1000404,55841
1000407,10729
1000408,880045
1000409,10698
1000410,55985
1000411,880083
1000412,50555
1000413,880086
1000414,56013
1000415,880087
1000417,7818
1000418,50733
1000419,52176
1000420,56032
1000421,56031
1000422,10169
1000423,55951
1000424,8027
1000426,7737
1000431,330
1000432,54547
1000433,55836
1000436,56102
1000437,56104
1000438,56135
1000444,56177
1000445,56166
1000446,56224
1000447,56232
1000448,6463
1000449,56151
1000450,56234
1000451,56238
1000452,880092
1000453,10034
1000454,56237
1000455,56227
1000456,56188
1000457,56046
1000458,56239
1000459,56249
1000460,56150
1000461,52168
1000462,56292
1000463,55977
1000464,56078
1000465,56319
1000466,10866
1000467,56196
1000468,2038
1000469,55853
1000470,56326
1000471,56143
1000472,50109
1000475,55976
1000481,56349
1000482,10464
1000483,56350
1000484,56397
1000485,56298
1000486,56445
1000487,56328
1000488,56241
1000489,56482
1000490,341
1000491,56068
1000492,10333
1000493,56505
1000496,10672
1000498,1206
1000499,52071
1000499,6648
1000501,56467
1000502,56556
1000503,10741
1000504,52088
1000505,50976
1000506,50864
1000507,50865
1000510,4014
1000512,6074
1000513,50030
1000515,56472
1000516,56473
1000517,56474
1000518,56475
1000519,56471
1000520,8029
1000521,6063
1000528,56596
1000529,1439
1000530,56604
1000531,56603
1000532,672
1000534,50835
1000535,6061
1000538,56629
1000539,56456
1000540,9
1000541,56569
1000542,56674
1000544,56799
1000545,56639
1000546,56803
1000547,56806
1000548,56914
1000549,10812
1000550,56807
1000551,55833
1000552,56808
1000553,10485
1000555,56964
1000558,56998
1000559,50707
1000560,57001
1000561,56786
1000562,56609
1000563,56606
1000564,No Match
1000565,57029
1000566,57027
1000567,880100
1000570,3611
1000572,54238
1000573,1401
1000574,171
1000576,4151
1000577,54579
1000578,54578
1000579,460
1000580,10883
1000581,6068
1000582,1250
1000583,56502
1000584,1248
1000585,1242
1000586,55651
1000589,10360
1000591,No Match
1000594,10350
1000595,10761
1000596,10349
1000597,10294
1000598,4150
1000617,No Match
1000623,50657
1000624,57099
1000630,880093
1000643,1296
1000644,1556
1000645,1559
1000646,1560
1000647,1564
1000648,1570
1000649,1571
1000650,1572
1000651,1573
1000653,1588
1000655,1592
1000655,59882
1000656,1594
1000657,1595
1000658,1599
1000659,1606
1000660,1613
1000661,1626
1000663,1642
1000665,1660
1000666,1678
1000667,1682
1000668,1695
1000669,7900
1000670,1710
1000672,1723
1000673,1726
1000674,1728
1000676,1733
1000677,1740
1000678,1743
1000679,1745
1000680,1769
1000681,1830
1000682,1831
1000682,58427
1000683,1832
1000684,1843
1000685,1888
1000686,1891
1000687,1893
1000688,1897
1000689,1904
1000690,1912
1000691,1915
1000693,1927
1000694,1943
1000695,2008
1000696,2047
1000697,2048
1000698,2049
1000699,2050
1000700,2051
1000701,2052
1000702,2053
1000703,2070
1000705,2079
1000706,2094
1000707,2104
1000709,2123
1000713,2161
1000715,2167
1000716,2168
1000717,2169
1000718,2176
1000720,2187
1000722,2240
1000725,2292
1000726,2322
1000727,2326
1000729,2364
1000730,2367
1000732,2378
1000733,2379
1000734,2380
1000735,2382
1000737,2384
1000738,2385
1000739,55081
1000740,2390
1000741,2393
1000742,2398
1000743,2399
1000744,2400
1000745,2401
1000746,2403
1000747,2404
1000748,2408
1000750,2410
1000751,2434
1000752,2444
1000753,2446
1000754,2450
1000755,2454
1000758,2480
1000759,2490
1000760,2491
1000761,2493
1000762,2496
1000763,2499
1000764,2500
1000766,2503
1000767,2504
1000768,2511
1000770,2513
1000771,2516
1000772,2521
1000773,2526
1000774,2527
1000777,2539
1000778,2549
1000779,2554
1000780,2625
1000781,No Match
1000782,56671
1000784,2682
1000785,2708
1000786,2709
1000787,2712
1000788,55328
1000790,4072
1000791,55332
1000792,55334
1000794,55340
1000795,55343
1000796,55345
1000798,55357
1000799,55364
1000800,55380
1000801,55382
1000805,55392
1000806,55393
1000808,55401
1000809,55402
1000811,55406
1000812,55409
1000813,55411
1000814,55415
1000815,55418
1000816,55419
1000817,55438
1000818,55439
1000819,55440
1000820,55447
1000821,55451
1000822,55455
1000823,55936
1000824,55463
1000825,55464
1000826,55467
1000827,55477
1000828,2713
1000829,2716
1000830,2718
1000831,2720
1000832,2721
1000833,2723
1000834,2727
1000835,2732
1000836,2817
1000837,2823
1000838,2824
1000839,2828
1000840,2830
1000841,2832
1000843,2836
1000844,2838
1000845,2840
1000846,2843
1000848,2848
1000849,2850
1000850,2861
1000852,2872
1000853,2876
1000856,2917
1000859,2951
1000860,2952
1000861,2956
1000862,2963
1000863,2964
1000864,2965
1000865,3006
1000866,3008
1000867,3098
1000869,50410
1000870,54914
1000873,3113
1000875,3115
1000877,3118
1000879,3131
1000880,3132
1000883,3136
1000884,3138
1000886,3140
1000892,3148
1000893,3149
1000896,3159
1000898,3161
1000900,3169
1000901,3176
1000902,3179
1000905,3236
1000906,3250
1000906,3251
1000908,3264
1000909,3287
1000910,3295
1000911,3297
1000912,3298
1000913,3317
1000914,3319
1000916,3393
1000917,3396
1000918,3405
1000919,3406
1000922,3441
1000924,3443
1000926,3453
1000928,3457
1000929,3460
1000932,3468
1000934,3476
1000935,3477
1000936,3478
1000937,3482
1000938,3483
1000939,3484
1000941,3490
1000942,3491
1000947,3507
1000948,3508
1000952,3561
1000953,3574
1000954,3601
1000955,3602
1000956,3609
1000959,3628
1000960,3644
1000961,55429
1000962,3776
1000963,3796
1000964,3797
1000965,3803
1000966,3804
1000967,3935
1000968,3936
1000969,3938
1000970,3942
1000971,3943
1000972,3280
1000973,3285
1000974,3945
1000975,3947
1000976,3948
1000977,3954
1000978,3982
1000979,3992
1000982,4041
1000983,4050
1000984,4054
1000985,4076
1000986,4078
1000987,4125
1000988,4140
1000989,4146
1000990,4158
1000991,4162
1000992,4195
1000993,4259
1000994,4266
1000995,4271
1000996,4937
1000997,4939
1000998,4940
1000999,4941
1001000,54529
1001001,6004
1001002,6009
1001003,6013
1001004,6016
1001005,6017
1001006,6018
1001007,6019
1001008,6021
1001010,6031
1001011,6034
1001012,6035
1001013,6043
1001014,6046
1001015,6052
1001016,6055
1001017,6058
1001018,6065
1001020,6076
1001021,6081
1001022,6082
1001023,6085
1001024,6090
1001025,6095
1001026,6096
1001027,6098
1001028,6101
1001029,6112
1001030,6113
1001031,6124
1001032,6136
1001033,6137
1001034,6147
1001035,6155
1001036,6165
1001037,6166
1001038,6178
1001039,6181
1001040,6183
1001041,6190
1001042,6193
1001043,6194
1001044,6195
1001045,6204
1001046,6223
1001047,6243
1001048,6248
1001049,6250
1001050,6254
1001051,6257
1001052,6264
1001053,6358
1001054,6373
1001055,6469
1001058,6584
1001059,6641
1001060,6664
1001062,6761
1001063,6768
1001064,6772
1001065,6776
1001066,6823
1001070,7030
1001074,No Match
1001076,7138
1001078,10784
1001079,7145
1001080,7146
1001082,7153
1001083,7155
1001085,7158
1001086,7159
1001087,54657
1001091,7203
1001092,7210
1001093,7213
1001097,7237
1001098,7238
1001100,7242
1001104,3612
1001106,7258
1001107,7266
1001108,7270
1001109,7277
1001110,7288
1001111,7296
1001112,7302
1001113,7314
1001114,7318
1001115,7335
1001116,7336
1001117,7343
1001118,7348
1001119,7350
1001120,56643
1001122,7425
1001124,7456
1001125,7504
1001126,7515
1001127,7527
1001129,7551
1001130,7552
1001133,7605
1001134,7693
1001135,7697
1001136,7698
1001137,7699
1001140,7721
1001141,7754
1001142,7757
1001144,7759
1001145,7763
1001146,7764
1001147,7765
1001148,55015
1001149,7790
1001150,7805
1001151,7813
1001152,7825
1001153,7826
1001156,7829
1001158,7834
1001159,7835
1001160,7836
1001161,7839
1001162,7838
1001163,7710
1001164,7842
1001165,7843
1001166,7844
1001167,7846
1001168,7858
1001169,7863
1001170,7869
1001171,7872
1001172,7873
1001174,3130
1001175,7897
1001176,7902
1001177,7903
1001178,7917
1001179,7960
1001180,7929
1001181,8002
1001182,8006
1001183,8007
1001184,8008
1001186,8023
1001187,8042
1001188,8049
1001189,8054
1001190,8056
1001191,8059
1001192,8066
1001193,8069
1001194,8102
1001195,8219
1001196,8223
1001197,8224
1001198,8226
1001199,10025
1001200,10029
1001201,10043
1001202,10099
1001203,10113
1001204,10143
1001205,3809
1001206,10190
1001207,10307
1001208,10308
1001209,1391
1001210,10343
1001211,10380
1001212,10382
1001216,10617
1001217,10619
1001218,10620
1001219,10621
1001220,10641
1001221,10675
1001222,10676
1001223,10678
1001224,10682
1001225,10725
1001226,10751
1001227,10761
1001228,10771
1001229,10773
1001230,10802
1001231,10823
1001232,50006
1001233,50039
1001234,50137
1001235,50202
1001236,50279
1001237,50282
1001238,50292
1001239,50385
1001240,50449
1001241,50450
1001242,50451
1001243,50458
1001244,50463
1001245,50472
1001246,50497
1001247,50498
1001248,50561
1001249,50611
1001250,10328
1001252,50776
1001253,50799
1001254,50949
1001255,50966
1001256,50974
1001257,50978
1001258,51030
1001259,52019
1001260,52056
1001261,52106
1001262,52149
1001263,55333
1001264,54034
1001265,54041
1001266,54056
1001268,54114
1001269,54131
1001270,54149
1001271,54324
1001272,54365
1001273,54423
1001274,54424
1001275,54426
1001276,54466
1001278,54574
1001279,54586
1001280,54592
1001281,54605
1001282,54634
1001283,54640
1001285,54785
1001286,54814
1001287,54817
1001288,54832
1001289,54907
1001291,55010
1001292,55011
1001293,57953
1001294,55026
1001295,55029
1001296,55031
1001298,55041
1001299,55042
1001300,55047
1001301,55048
1001302,55061
1001303,55062
1001305,55065
1001306,55077
1001307,55079
1001308,55087
1001309,55091
1001310,55097
1001311,55098
1001312,55100
1001313,55101
1001314,55103
1001315,55107
1001316,58328
1001317,55109
1001318,55110
1001319,55111
1001320,55112
1001321,55113
1001322,55116
1001324,55120
1001325,55123
1001326,55124
1001327,55127
1001328,55128
1001329,55129
1001330,55131
1001331,55132
1001332,55135
1001333,55137
1001334,55139
1001335,55144
1001337,55148
1001338,55149
1001339,55151
1001340,55154
1001341,55164
1001342,55165
1001343,55166
1001344,55264
1001345,55170
1001347,55173
1001350,55177
1001351,55178
1001352,55179
1001353,55183
1001354,55188
1001356,55193
1001357,55197
1001358,55198
1001359,55199
1001360,55200
1001361,55201
1001362,55202
1001363,55206
1001364,55207
1001365,55215
1001366,55217
1001367,55218
1001368,55221
1001369,55222
1001370,55223
1001371,55224
1001372,55226
1001373,55228
1001374,55229
1001375,55230
1001376,55231
1001377,55232
1001378,55233
1001379,55234
1001380,55236
1001381,55237
1001382,55247
1001383,55248
1001384,55253
1001392,55267
1001393,55270
1001394,55271
1001396,55276
1001397,55279
1001399,55282
1001400,55283
1001401,55285
1001403,56478
1001404,55294
1001405,55295
1001406,55297
1001407,55298
1001408,55299
1001409,55304
1001410,55317
1001411,55318
1001412,3
1001413,8
1001414,26
1001415,50
1001416,51
1001417,54
1001418,56
1001419,87
1001420,108
1001421,113
1001422,117
1001423,118
1001424,120
1001425,126
1001426,127
1001427,130
1001428,165
1001429,167
1001430,168
1001431,169
1001432,170
1001433,201
1001434,202
1001435,55700
1001436,55482
1001437,6056
1001438,6504
1001439,259
1001440,260
1001441,271
1001442,310
1001444,315
1001445,329
1001446,331
1001447,335
1001448,345
1001449,350
1001450,356
1001451,358
1001453,384
1001454,389
1001455,399
1001456,404
1001457,408
1001458,420
1001459,422
1001460,465
1001461,468
1001462,470
1001463,477
1001464,478
1001465,492
1001466,525
1001469,546
1001470,548
1001472,564
1001474,589
1001475,591
1001477,593
1001478,594
1001480,599
1001481,602
1001482,610
1001483,612
1001484,617
1001485,619
1001487,628
1001489,634
1001490,638
1001491,643
1001492,645
1001495,663
1001496,664
1001497,666
1001498,667
1001499,675
1001500,676
1001501,689
1001502,693
1001505,703
1001506,708
1001507,709
1001508,710
1001509,715
1001510,727
1001511,728
1001513,762
1001514,856
1001515,862
1001516,863
1001517,864
1001518,867
1001519,874
1001520,876
1001521,879
1001522,883
1001523,884
1001524,891
1001525,892
1001526,897
1001527,898
1001528,913
1001529,963
1001530,976
1001531,983
1001532,988
1001533,990
1001534,991
1001535,992
1001536,994
1001537,995
1001539,997
1001540,1001
1001541,1004
1001542,1007
1001543,1008
1001544,1012
1001545,1043
1001546,1046
1001548,1073
1001549,1068
1001549,1077
1001549,58236
1001550,1081
1001551,1082
1001552,769
1001553,1104
1001555,7130
1001556,1131
1001557,8083
1001564,1167
1001567,1175
1001570,1217
1001571,1218
1001572,1230
1001573,1233
1001574,1235
1001575,1239
1001579,1355
1001580,1271
1001584,1294
1001585,1366
1001586,1336
1001587,1353
1001597,1374
1001598,1379
1001599,1381
1001600,1383
1001601,1392
1001602,1393
1001603,1396
1001604,1400
1001605,1402
1001606,1403
1001607,1407
1001608,1409
1001609,1416
1001610,1417
1001612,1091
1001613,1448
1001615,1507
1001616,1552
1001617,1553
1001625,50299
1001629,55084
1001634,54779
1001635,59782
1001646,50630
1001667,50851
1001667,No Match
1001674,3152
1001675,50903
1001691,60100
1001696,57480
1001698,No Match
1001700,50541
1001709,55089
1001741,54416
1001762,55558
1001765,56258
1001768,6474
1001781,10790
1001802,55369
1001807,10560
1001810,6285
1001813,50663
1001823,58081
1001826,880031
1001859,54795
1001877,6705
1001884,50884
1001887,55856
1001889,10613
1001907,1368
1001913,10362
1001921,59324
1001971,50850
1002037,10430
1002101,54350
1002113,54752
1002126,2144
1002149,50191
1002152,50464
1002163,58157
1002184,10275
1002185,58083
1002187,62449
1002202,61838
1002203,54335
1002210,No Match
1002272,10202
1002277,51038
1002328,54265
1002350,55051
1002371,1825
1002374,No Match
1002385,54730
1002394,10110
1002400,50656
1002404,56518
1002452,58205
1002459,54372
1002484,1979
1002488,8073
1002492,544
1002493,50563
1002500,7715
1002501,No Match
1002541,50612
1002543,50494
1002545,2936
1002591,10623
1002600,63423
1002611,880107
1002612,57584
1002641,54201
1002655,55964
1002659,No Match
1002677,No Match
1002682,54809
1002693,No Match
1002697,1771
1002728,10650
1002731,10819
1002733,10605
1002744,10646
1002759,50003
1002777,56848
1002792,58265
1002802,56798
1002817,No Match
1002818,56400
1002820,50493
1002821,50495
1002823,54101
1002880,No Match
1002894,56079
1002916,57046
1002956,2250
1002963,55044
1002966,10686
1003016,10405
1003037,50041
1003048,50406
1003051,1557
1003084,50094
1003110,10305
1003132,1024
1003138,55650
1003138,56516
1003160,55365
1003175,No Match
1003190,3631
1003195,10397
1003199,10472
1003200,50632
1003228,2018
1003259,57405
1003260,57166
1003261,10224
1003263,2935
1003300,52089
1003327,10234
1003334,50709
1003340,50837
1003344,10168
1003387,50860
1003391,No Match
1003392,57410
1003398,No Match
1003406,57025
1003409,1913
1003410,1914
1003410,1934
1003456,57014
1003481,59763
1003492,75
1003493,6559
1003496,56309
1003542,No Match
1003568,10003
1003569,57026
1003576,2642
1003588,50575
1003591,56787
1003595,52148
1003599,57163
1003617,10439
1003617,10440
1003617,10441
1003617,10442
1003617,10443
1003618,No Match
1003632,No Match
1003641,No Match
1003644,No Match
1003645,50118
1003647,54271
1003649,No Match
1003650,No Match
1003651,No Match
1003652,54761
1003661,57170
1003662,No Match
1003663,No Match
1003664,No Match
1003703,50969
1003711,60184
1003731,56780
1003733,2134
1003763,54667
1003780,54748
1003781,10187
1003831,4256
1003884,50476
1003923,2135
1003925,2136
1003978,No Match
1003980,10342
1003998,50134
1004001,10496
1004004,10501
1004046,52083
1004046,52086
1004051,50876
1004053,50886
1004055,58109
1004066,607
1004102,52048
1004104,3630
1004124,60536
1004175,99
1004176,6120
1004186,50751
1004186,52107
1004189,6092
1004193,52085
1004199,50397
1004202,No Match
1004203,56884
1004211,54268
1004216,10643
1004239,50308
1004253,56891
1004265,8037
1004333,50407
1004346,No Match
1004348,6225
1004367,54476
1004396,50395
1004420,673
1004428,50770
1004438,7232
1004477,57950
1004565,57893
1004576,55375
1004577,52186
1004590,2022
1004600,54956
1004611,No Match
1004640,880108
1004685,No Match
1004699,No Match
1004705,50637
1004719,79
1004748,56500
1004753,52147
1004760,8028
1004790,54775
1004830,No Match
1004834,58179
1004853,3426
1004859,50772
1004865,50273
1004895,58222
1004948,54626
1004953,50951
1004962,10416
1004963,50660
1004964,8030
1004974,7841
1005012,50810
1005037,54228
1005040,54318
1005044,57564
1005081,1037
1005083,1929
1005087,10768
1005088,10769
1005110,55404
1005111,No Match
1005118,55611
1005123,50447
1005133,10810
1005164,55950
1005167,50373
1005172,50648
1005210,3559
1005234,56163
1005241,2966
1005252,58993
1005254,59011
1005258,56987
1005259,56986
1005264,54409
1005265,55864
1005267,96
1005268,6292
1005276,10849
1005279,2062
1005307,58400
1005310,No Match
1005355,52169
1005362,54240
1005366,10148
1005395,7173
1005399,56253
1005417,10061
1005420,59073
1005449,6553
1005453,No Match
1005464,59452
1005469,No Match
1005470,No Match
1005490,2465
1005501,52073
1005504,No Match
1005510,1822
1005525,No Match
1005528,50413
1005539,No Match
1005540,No Match
1005541,No Match
1005544,54975
1005565,10776
1005566,10811
1005577,54790
1005579,10017
1005585,55470
1005587,52024
1005589,56610
1005599,58139
1005620,1382
1005625,3627
1005628,6481
1005637,10013
1005652,56461
1005661,10865
1005667,1040
1005671,3464
1005672,4057
1005673,50225
1005702,55244
1005706,54638
1005707,54690
1005709,55347
1005711,58278
1005712,10504
1005713,298
1005714,7325
1005731,50002
1005732,50544
1005737,2411
1005756,55296
1005774,2514
1005775,4143
1005778,1268
1005784,2517
1005790,52077
1005798,No Match
1005799,55040
1005802,1122
1005807,7916
1005822,55064
1005830,1378
1005831,55269
1005834,50569
1005837,302
1005842,1252
1005843,54749
1005851,58897
1005859,50849
1005863,50651
1005870,50649
1005871,3407
1005872,50200
1005877,10566
1005886,764
1005902,50709
1005904,50247
1005905,10805
1005913,7913
1005917,1449
1005921,55141
1005923,1385
1005935,10862
1005945,1961
1005948,54789
1005949,160
1005959,10252
1005972,10673
1005974,462
1005975,50748
1005979,54250
1005991,50933
1005995,1554
1005996,6156
1006014,2943
1006024,No Match
1006035,55422
1006038,10746
1006040,55153
1006047,10864
1006063,54965
1006068,50627
1006069,2291
1006072,50130
1006078,880030
1006085,55480
1006097,400
1006098,7749
1006101,No Match
1006105,56329
1006113,10156
1006116,7604
1006139,10649
1006172,2244
1006174,50243
1006175,10444
1006175,10446
1006176,57406
1006177,50658
1006194,10346
1006204,50721
1006205,54076
1006207,55014
1006208,10860
1006209,50465
1006210,56108
1006217,3325
1006220,1555
1006242,50509
1006251,56529
1006256,10488
1006259,50722
1006262,52151
1006268,50275
1006288,56887
1006298,1443
1006318,2171
1006335,54662
1006343,57949
1006357,8026
1006359,10167
1006360,50187
1006366,10491
1006366,10495
1006384,No Match
1006393,603
1006403,55250
1006405,50750
1006408,562
1006409,10567
1006413,No Match
1006422,55174
1006426,7063
1006443,533
1006446,56229
1006454,54562
1006471,2857
1006486,7013
1006493,No Match
1006498,54425
1006502,7870
1006506,55263
1006507,7782
1006509,1363
1006510,1364
1006511,1361
1006512,1356
1006516,1358
1006533,54371
1006539,1241
1006542,6071
1006549,6213
1006553,No Match
1006554,55238
1006556,55210
1006560,54627
1006563,56480
1006566,2953
1006574,733
1006577,3485
1006587,207
1006589,6077
1006591,683
1006593,203
1006602,7131
1006627,50216
1006627,50530
1006628,377
1006630,4040
1006631,4042
1006632,6170
1006633,6253
1006637,880039
1006645,50888
1006646,56668
1006649,56616
1006650,3548
1006652,57865
1006654,60
1006657,55212
1006660,2226
1006663,2914
1006670,54646
1006678,55414
1006680,50293
1006695,55088
1006702,641
1006705,55292
1006706,55293
1006707,55242
1006714,50879
1006715,55348
1006721,3459
1006725,3439
1006727,2451
1006728,3122
1006733,No Match
1006735,1240
1006736,1243
1006745,55508
1006751,2835
1006760,10426
1006768,7760
1006772,50662
1006774,1926
1006775,54805
1006788,54096
1006791,50558
1006794,2866
1006802,620
1006803,50398
1006804,7082
1006808,55286
1006811,3648
1006812,56185
1006832,54755
1006845,50752
1006846,55184
1006852,2098
1006857,50127
1006860,54768
1006862,6558
1006864,55211
1006868,3470
1006868,58378
1006869,54349
1006870,50736
1006873,57122
1006877,54211
1006882,2324
1006885,54099
1006889,861
1006892,52140
1006897,2080
1006902,50087
1006909,6094
1006913,2864
1006915,2594
1006920,3788
1006927,55086
1006933,55349
1006935,55076
1006938,58207
1006939,5083
1006941,54236
1006949,568
1006950,2535
1006952,2837
1006958,50807
1006962,10699
1006966,3456
1006975,10612
1006981,55146
1006983,55327
1006999,55386
1007017,2494
1007019,6064
1007025,55075
1007031,50152
1007053,8906
1007058,55337
1007068,6288
1007100,7946
1007103,6177
1007105,981
1007110,55245
1007111,10774
1007126,58595
1007135,10611
1007144,7887
1007147,No Match
1007152,1404
1007153,6179
1007155,3494
1007156,2632
1007157,2628
1007159,621
1007161,2448
1007161,55039
1007171,56407
1007173,56532
1007177,10398
1007178,56018
1007179,2277
1007180,2706
1007183,7837
1007184,55043
1007185,7253
1007185,7286
1007187,124
1007188,792
1007189,688
1007190,1357
1007196,880065
1007201,886
1007202,2107
1007203,6138
1007204,50131
1007205,50607
1007206,141
1007207,469
1007209,55204
1007214,10606
1007221,No Match
1007224,50936
1007226,54656
1007227,6002
1007232,50368
1007233,7762
1007236,563
1007239,1619
1007242,2878
1007243,3469
1007245,2442
1007246,8048
1007247,55220
1007248,54658
1007255,6042
1007287,55066
1007293,7768
1007294,1394
1007295,55102
1007297,50852
1007299,116
1007300,55168
1007301,1048
1007302,889
1007303,55358
1007305,55620
1007306,3344
1007307,55126
1007308,55391
1007309,6639
1007310,3845
1007311,2076
1007312,55933
1007313,228
1007314,56164
1007315,7315
1007316,55513
1007317,55821
1007318,56041
1007322,52193
1007323,55187
1007324,56611
1007325,880033
1007327,56283
1007328,56458
1007330,2406
1007331,6238
1007339,52130
1007339,55259
1007353,173
1007355,No Match
1007358,55284
1007359,3775
1007360,55710
1007365,55104
1007369,880006
1007370,6073
1007373,629
1007374,1702
1007376,7097
1007378,1010
1007379,57028
1007383,55453
1007388,56259
1007411,246
1007418,3178
1007419,1047
1007420,8222
1007421,2132
1007422,55068
1007423,7
1007426,58116
1007427,3096
1007428,1731
1007429,6030
1007432,642
1007434,3576
1007435,10726
1007436,7928
1007438,55176
1007439,56908
1007442,No Match
1007445,55457
1007452,No Match
1007453,10361
1007454,55377
1007455,1295
1007456,57169
1007457,7845
1007466,880025
1007469,56476
1007471,613
1007500,3497
1007501,8063
1007503,3452
1007504,6146
1007505,6180
1007510,7995
1007518,880067
1007538,55381
1007542,10436
1007542,10692
1007549,2336
1007551,10803
1007570,55225
1007576,2330
1007581,56463
1007588,57250
1007596,2241
1007597,59
1007598,3506
1007609,273
1007617,56526
1007619,3504
1007627,10610
1007634,58250
1007635,57018
1007638,54925
1007639,3399
1007640,6041
1007643,10690
1007646,57016
1007648,50568
1007649,55074
1007650,609
1007659,55196
1007660,55251
1007671,56464
1007672,1971
1007673,56521
1007674,57022
1007676,527
1007677,50859
1007687,57019
1007689,56531
1007694,55857
1007699,50571
1007703,54539
1007704,56069
1007705,56525
1007709,56530
1007725,50576
1007726,54661
1007727,54700
1007729,57024
1007732,10525
1007738,59456
1007740,765
1007742,57017
1007743,54939
1007746,7848
1007749,7449
1007752,1032
1007753,56527
1007756,57411
1007758,No Match
1007759,No Match
1007760,No Match
1007761,54407
1007768,6089
1007772,2790
1007773,57872
1007781,10671
1007784,3492
1007788,1384
1007789,55400
1007790,3403
1007791,No Match
1007793,3944
1007795,50570
1007803,50931
1007812,56465
1007825,54915
1007829,47
1007832,57023
1007833,54926
1007834,55925
1007840,57020
1007842,3181
1007843,3946
1007844,50628
1007845,766
1007846,50803
1007848,No Match
1007852,56528
1007855,57168
1007864,10870
1007867,50296
1007870,7254
1007874,55966
1007878,56520
1007879,54663
1007884,54625
1007887,2880
1007889,57409
1007891,57408
1007893,57167
1007894,56524
1007896,56523
1007898,56522
1007908,54144
1007913,880038
1007914,10334
1007916,10788
1007917,10216
1007917,54429
1007919,50744
1007920,54593
1007930,1464
1007931,55433
1007940,6106
1007950,2860
1007955,52076
1007955,52081
1007955,52104
1007959,50625
1007962,56948
1007964,54763
1007967,No Match
1007973,54408
1007978,10213
1007979,55216
1007982,6246
1007989,57015
1008001,No Match
1008008,3461
1008012,50573
1008013,10603
1008020,55172
1008025,10233
1008028,6249
1008035,3991
1008042,56192
1008060,7502
1008168,55972
1008269,50566
1008271,55703
1008434,1866
1008459,55117
1008553,880101
1008708,50813
1008730,55701
1008787,62492
1008787,No Match
1008996,57457
1008997,10437
1008997,10438
1009077,10062
1009167,52026
1009168,54694
1009496,56708
1009505,880089
1010109,57179
1010343,52061
1010417,57515
1010540,303
1010566,No Match
1010570,50298
1010575,55350
1010578,3487
1010604,56564
1010606,57036
1010606,6293
1010612,55965
1010630,3338
1010637,55063
1010646,54333
1010680,54693
1010692,58442
1010723,No Match
1010767,57978
1010794,58124
1010858,550
1010860,8022
1010937,6566
1010949,57037
1010962,57482
1010973,58079
1010977,58429
1011029,57582
1011030,57466
1011063,55866
1011082,57073
1011082,57074
1011082,57075
1011083,7725
1011190,58122
1011203,No Match
1011204,57241
1011211,10025
1011214,1772
1011225,56911
1011303,57267
1011315,57881
1011323,57943
1011451,No Match
1011453,58005
1011465,54854
1011532,57206
1011543,56963
1011554,58001
1011577,61575
1011578,58944
1011672,1826
1011681,58574
1011685,55939
1011718,59457
1011718,59458
1011772,10548
1011829,58989
1011838,58284
1011850,58260
1011885,57946
1011896,58471
1011999,58325
1012000,59467
1012008,58562
1012016,56497
1012017,No Match
1012032,No Match
1012035,No Match
1012043,58835
1012045,57703
1012054,57839
1012065,57349
1012074,58235
1012083,58180
1012093,50061
1012095,50537
1012122,58426
1012152,59926
1012160,59004
1012196,58420
1012373,59391
1012414,57555
1012447,60264
1012567,58811
1012599,58715
1012606,58503
1012716,No Match
1012749,60025
1012840,1877
1012844,60340
1012853,57842
1012869,60903
1012885,56846
1012910,60460
1012911,60459
1012932,59764
1012942,57794
1012967,No Match
1012981,59726
1013006,59812
1013024,60122
1013039,58818
1013046,59220
1013054,59093
1013063,59773
1013070,58813
1013136,60302
1013173,61643
1013187,60468
1013219,59913
1013223,56047
1013225,61927
1013233,60357
1013243,No Match
1013248,59326
1013257,60376
1013259,59325
1013277,60464
1013284,54004
1013286,60368
1013300,60559
1013328,No Match
1013330,56940
1013345,54081
1013349,58153
1013360,302
1013374,59906
1013523,58478
1013524,3754
1013526,61392
1013527,61391
1013530,3734
1013540,61241
1013541,61242
1013542,61028
1013559,7932
1013577,60589
1013578,60926
1013598,57185
1013620,61035
1013640,60345
1013680,54550
1013708,58714
1013716,61263
1013863,60925
1013864,55486
1013875,62289
1013877,60928
1013878,60927
1013880,880109
1013939,60698
1013945,50243
1013951,6566
