name	lat	lon	region
Abernethy	56.339	-3.294	north_scotland
Aberthaw	51.385	-3.403	england_wales
Abham	50.472	-3.729	england_wales
Acton Lane 22kV	51.535	-0.257	england_wales
Acton Lane 66kV	51.535	-0.257	england_wales
Alness	57.708	-4.274	north_scotland
Alpha Steel (Uskmouth)	51.549	-2.976	england_wales
Alverdiscott	51.006	-4.137	england_wales
Amersham Main	51.664	-0.655	england_wales
Arbroath	56.564	-2.619	north_scotland
Ardkinglas	56.287	-4.956	north_scotland
Ardmore	57.554	-6.645	north_scotland
Axminster	50.787	-2.924	england_wales
Axminster H	50.787	-2.924	england_wales
Ayr	55.457	-4.587	south_scotland
Bainsford	56.014	-3.768	south_scotland
Barking	51.518	0.113	england_wales
Barking West	51.516	0.107	england_wales
Bathgate	55.9	-3.674	south_scotland
Beauly	57.468	-4.49	north_scotland
Beddington LPN	51.374	-0.129	england_wales
Beddington SPN	51.374	-0.129	england_wales
Berkswell	52.387	-1.614	england_wales
Berryburn	57.504	-3.599	north_scotland
Berwick	55.777	-2.079	south_scotland
Bicker Fen	52.931	-0.221	england_wales
Birkenhead	53.366	-3.061	england_wales
Bishops Wood	52.312	-2.243	england_wales
Blyth 132kV	55.141	-1.531	england_wales
Blyth 66kV	55.141	-1.531	england_wales
Boat of Garten	57.249	-3.723	north_scotland
Bolney	50.974	-0.236	england_wales
Bonnybridge	56.007	-3.86	south_scotland
Botley Wood	50.885	-1.233	england_wales
Braco West	56.276	-3.878	north_scotland
Bradford West	53.81	-1.867	england_wales
Braehead Park	55.881	-4.381	south_scotland
Braintree	51.865	0.576	england_wales
Bramford	52.07	1.063	england_wales
Bramley	51.335	-1.077	england_wales
Bredbury	53.415	-2.131	england_wales
Bridge of Dun	56.72	-2.557	north_scotland
Bridgewater	51.117	-2.969	england_wales
Brimsdown	51.664	-0.025	england_wales
Broadford	57.248	-5.936	north_scotland
Brora	58.02	-3.875	north_scotland
Broxburn	55.919	-3.453	south_scotland
Burghmuir	56.397	-3.488	north_scotland
Burwell Main	52.28	0.312	england_wales
Bushbury	52.636	-2.115	england_wales
Bustleholme	52.553	-1.964	england_wales
Cairnford	57.452	-2.85	north_scotland
Camblesforth 66kV (Drax)	53.729	-1.001	england_wales
Canal Bank (Willesden 66kV)	51.535	-0.257	england_wales
Canterbury	51.292	1.094	england_wales
Capenhurst	53.266	-2.948	england_wales
Cardiff East	51.495	-3.145	england_wales
Carntyne	55.857	-4.197	south_scotland
Carradale	55.59	-5.502	north_scotland
Carrington	53.435	-2.4	england_wales
Carsfad	55.144	-4.189	south_scotland
Cassley	56.542	-4.517	north_scotland
Ceannacroc	57.154	-4.937	north_scotland
Cellarhead	53.041	-2.086	england_wales
Chapelcross	55.014	-3.221	south_scotland
Charleston	56.474	-3.045	north_scotland
Charlotte Street	55.855	-4.239	south_scotland
Chessington	51.343	-0.323	england_wales
Chesterfield	53.224	-1.387	england_wales
Chickerell	50.624	-2.489	england_wales
City Road	51.531	-0.096	england_wales
Clachan	56.277	-4.922	north_scotland
Clacton (Bramford)	51.826	1.179	england_wales
Clayhills	57.14	-2.099	north_scotland
Clyde’s Mill	55.822	-4.149	south_scotland
Coatbridge	55.851	-4.013	south_scotland
Cockenzie	55.967	-2.967	south_scotland
Connah's Quay	53.228	-3.073	england_wales
Coupar Angus	56.538	-3.273	north_scotland
Coventry	52.456	-1.464	england_wales
Cowley	51.71	-1.191	england_wales
Coylton	55.447	-4.429	south_scotland
Craigiebuckler	57.131	-2.153	north_scotland
Creyke Beck	53.801	-0.414	england_wales
Crookston A	55.821	-4.364	south_scotland
Crookston B	55.821	-4.364	south_scotland
Cumbernauld	55.947	-3.964	south_scotland
Cupar	56.314	-3.035	south_scotland
Currie	55.902	-3.309	south_scotland
Dallas	57.557	-3.42	north_scotland
Dalmarnock	55.835	-4.204	south_scotland
Devol Moor	55.927	-4.677	south_scotland
Devonside	56.137	-3.779	south_scotland
Dewar Place	55.947	-3.209	south_scotland
Dounreay	58.576	-3.754	north_scotland
Drakelow	52.773	-1.649	england_wales
Drax 132kV	53.732	-0.993	england_wales
Drumchapel	55.916	-4.349	south_scotland
Drumcross	55.906	-3.588	south_scotland
Dudhope	56.462	-2.95	north_scotland
Dumfries 11	55.062	-3.583	south_scotland
Dumfries 33	55.062	-3.583	south_scotland
Dumfries ICI	55.062	-3.583	south_scotland
Dunbar	55.977	-2.573	south_scotland
Dunbar A	55.977	-2.573	south_scotland
Dunbar B	55.977	-2.573	south_scotland
Dunbeath	58.253	-3.43	north_scotland
Dunfermline	56.09	-3.449	south_scotland
Dunoon	55.975	-4.94	north_scotland
Dunvegan	57.428	-6.531	north_scotland
Dyce	57.211	-2.181	north_scotland
Ealing	51.502	-0.297	england_wales
Earlstoun	55.11	-4.169	south_scotland
East Claydon	51.927	-0.908	england_wales
East Kilbride	55.785	-4.192	south_scotland
East Kilbride South	55.74	-4.161	south_scotland
Easterhouse	55.879	-4.073	south_scotland
Eaton Socon	52.215	-0.303	england_wales
Eccles	55.668	-2.328	south_scotland
Elderslie	55.84	-4.463	south_scotland
Elgin	57.662	-3.317	north_scotland
Elland	53.695	-1.823	england_wales
Elstree	51.66	-0.342	england_wales
Enderby	52.598	-1.215	england_wales
Erskine	55.904	-4.481	south_scotland
Exeter	50.767	-3.406	england_wales
Fasnakyle	57.323	-4.789	north_scotland
Fawley	50.821	-1.33	england_wales
Feckenham	52.252	-1.972	england_wales
Ferrybridge A	53.72	-1.273	england_wales
Ferrybridge B	53.722	-1.278	england_wales
Fetteresso	56.965	-2.347	north_scotland
Fiddes	56.921	-2.292	north_scotland
Fiddlers Ferry (Cuerdley 132kV)	53.372	-2.688	england_wales
Finnieston	55.863	-4.286	south_scotland
Finstown	59.003	-3.147	north_scotland
Fleet	51.25	-0.881	england_wales
Fort Augustus	57.137	-4.715	north_scotland
Fort William	56.819	-5.074	north_scotland
Fourstones	55.012	-2.163	england_wales
Fraserburgh	57.686	-2.024	north_scotland
Frodsham	53.309	-2.717	england_wales
Galashiels	55.608	-2.767	south_scotland
Giffnock	55.798	-4.298	south_scotland
Glenfarclas	57.416	-3.316	north_scotland
Glenlee	55.097	-4.181	south_scotland
Glenluce	54.877	-4.798	south_scotland
Glenniston	56.108	-3.267	south_scotland
Glenrothes	56.204	-3.196	south_scotland
Gorgie	55.935	-3.235	south_scotland
Govan	55.854	-4.314	south_scotland
Grangemouth A	56.002	-3.689	south_scotland
Grangemouth C	56.002	-3.689	south_scotland
Greenford (Willesden 66kV)	51.535	-0.257	england_wales
Grendon	52.243	-0.726	england_wales
Grimsby West	53.566	-0.151	england_wales
Grudie Bridge	57.615	-4.83	north_scotland
Hackney 132kV	51.559	-0.041	england_wales
Hackney 66kV	51.56	-0.044	england_wales
Haggs Road	55.83	-4.296	south_scotland
Hams Hall (Lea Marston 132kV)	52.529	-1.709	england_wales
Harker	54.942	-2.964	england_wales
Hartmoor	54.701	-1.291	england_wales
Hawick	55.428	-2.791	south_scotland
Hawthorn Pit	54.806	-1.402	england_wales
Helensburgh	56.02	-4.701	south_scotland
Heysham (Barrow)	54.033	-2.889	england_wales
Heysham (NGET)	54.033	-2.889	england_wales
Hunterston Farm	55.743	-4.864	south_scotland
Hurst	51.436	0.154	england_wales
Hutton	54.298	-2.672	england_wales
Imperial Park	51.547	-3.031	england_wales
Indian Queens	50.395	-4.901	england_wales
Inverkeithing	56.042	-3.39	south_scotland
Inverness	57.452	-4.241	north_scotland
Iron Acton	51.569	-2.481	england_wales
Ironbridge	52.632	-2.51	england_wales
Islington	51.561	-0.113	england_wales
Iver 132kV	51.542	-0.498	england_wales
Iver 66kV	51.541	-0.497	england_wales
Johnstone	55.844	-4.504	south_scotland
Jordanthorpe	53.33	-1.453	england_wales
Kaimes	55.891	-3.163	south_scotland
Keadby	53.597	-0.758	england_wales
Kearsley 132kV	53.538	-2.359	england_wales
Kearsley 33kV	53.538	-2.359	england_wales
Keith	57.538	-2.933	north_scotland
Kemsley	51.367	0.741	england_wales
Kendoon	55.161	-4.181	south_scotland
Kilbowie 11	55.905	-4.412	south_scotland
Kilbowie 33	55.905	-4.412	south_scotland
Killermont	55.903	-4.31	south_scotland
Killin	56.475	-4.325	north_scotland
Kilmarnock South	55.58	-4.456	south_scotland
Kilmarnock Town	55.593	-4.487	south_scotland
Kilwinning	55.664	-4.678	south_scotland
Kingsnorth	51.42	0.596	england_wales
Kinlochleven	56.714	-4.95	north_scotland
Kintore	57.213	-2.374	north_scotland
Kirkby ENW	53.469	-2.849	england_wales
Kirkby SPEN	53.469	-2.849	england_wales
Kirkstall B	53.806	-1.597	england_wales
Kitwell	52.431	-2.013	england_wales
Knaresborough	54.031	-1.488	england_wales
Lackenby	54.568	-1.133	england_wales
Lairg	58.008	-4.395	north_scotland
Laleham	51.424	-0.469	england_wales
Landulph	50.444	-4.242	england_wales
Legacy	53.029	-3.052	england_wales
Lesmahagow	55.618	-3.867	south_scotland
Leven	56.208	-2.997	south_scotland
Linnmill	55.903	-4.257	south_scotland
Lister Drive	53.419	-2.924	england_wales
Littlebrook LPN	51.461	0.244	england_wales
Littlebrook SPN	51.461	0.244	england_wales
Livingston East	55.907	-3.507	south_scotland
Lodge Road (St John's Wood)	51.528	-0.171	england_wales
Loudwater (Amersham)	51.664	-0.655	england_wales
Lovedean	50.916	-1.04	england_wales
Lunanhead	56.654	-2.865	north_scotland
Lyndhurst	56.481	-3.017	north_scotland
Macclesfield	53.269	-2.121	england_wales
Macduff	57.659	-2.491	north_scotland
Mannington	50.847	-1.895	england_wales
Margam (Grange 66kV)	51.56	-3.754	england_wales
Maybole	55.337	-4.677	south_scotland
Melksham	51.392	-2.15	england_wales
Mill Hill	51.618	-0.21	england_wales
Milton of Craigie	56.469	-2.917	north_scotland
Minety	51.607	-2.001	england_wales
Moffat	55.301	-3.428	south_scotland
Mybster	58.445	-3.422	north_scotland
Nairn	57.574	-3.845	north_scotland
Nechells	52.507	-1.851	england_wales
Neepsend	53.406	-1.489	england_wales
New Cross 66kV	51.484	-0.061	england_wales
Newarthill	55.821	-3.936	south_scotland
Newton Stewart	54.948	-4.491	south_scotland
Ninfield	50.881	0.45	england_wales
North Hyde	51.499	-0.411	england_wales
Northfleet East	51.428	0.33	england_wales
Norton	54.592	-1.363	england_wales
Norton Lees	53.35	-1.47	england_wales
Norwich Main	52.573	1.272	england_wales
Nursling	50.941	-1.488	england_wales
Ocker Hill	52.541	-2.033	england_wales
Offerton	54.881	-1.458	england_wales
Oldbury	52.499	-2.022	england_wales
Ormonde (Heysham)	54.033	-2.889	england_wales
Orrin	57.554	-4.616	north_scotland
Osbaldwick	53.956	-1.024	england_wales
Padiham	53.795	-2.327	england_wales
Paisley	55.839	-4.411	south_scotland
Partick	55.87	-4.316	south_scotland
Pelham	51.935	0.117	england_wales
Pembroke	51.682	-4.987	england_wales
Penn	52.556	-2.208	england_wales
Pentir	53.187	-4.16	england_wales
Penwortham East	53.744	-2.755	england_wales
Penwortham West	53.744	-2.755	england_wales
Perivale (Willesden 66kV)	51.535	-0.257	england_wales
Persley	57.174	-2.138	north_scotland
Peterhead Grange	57.505	-1.784	north_scotland
Peterhead Shell	57.508	-1.784	north_scotland
Pitsmoor	53.4	-1.446	england_wales
Poppleton	53.974	-1.133	england_wales
Port Ann	56.026	-5.35	north_scotland
Port Dundas	55.873	-4.254	south_scotland
Portobello	55.952	-3.123	south_scotland
Pyle	51.536	-3.688	england_wales
Quoich	57.07	-5.108	north_scotland
Rainhill	53.421	-2.738	england_wales
Rannoch	56.69	-4.399	north_scotland
Rassau	51.809	-3.226	england_wales
Ratcliffe	52.863	-1.253	england_wales
Ravenscraig	55.764	-3.929	south_scotland
Rayleigh	51.594	0.569	england_wales
Redbridge	51.589	0.044	england_wales
Redhouse	56.145	-3.148	south_scotland
Redmoss	57.108	-2.092	north_scotland
Richborough	51.309	1.346	england_wales
Robin Rigg (Harker)	54.942	-2.964	england_wales
Rochdale	53.622	-2.215	england_wales
Rothienorman	57.404	-2.518	north_scotland
Rugeley	52.754	-1.913	england_wales
Rye House	51.758	0.003	england_wales
Saltcoats A	55.646	-4.794	south_scotland
Saltcoats B	55.646	-4.794	south_scotland
Saltend North	53.743	-0.238	england_wales
Saltholme	54.607	-1.238	england_wales
Sandford	51.341	-2.839	england_wales
Seabank	51.536	-2.67	england_wales
Sellindge	51.106	0.978	england_wales
Sheffield City	53.375	-1.477	england_wales
Sheringham Shoal (Norwich)	52.573	1.272	england_wales
Shetland	60.276	-1.276	north_scotland
Shin	57.938	-4.404	north_scotland
Shrewsbury	52.71	-2.693	england_wales
Shrubhill	55.965	-3.185	south_scotland
Sighthill	55.926	-3.3	south_scotland
Skelton Grange	53.776	-1.496	england_wales
Sloy	56.246	-4.704	north_scotland
South Manchester	53.422	-2.275	england_wales
South Shields	54.973	-1.45	england_wales
Spango Valley	55.936	-4.811	south_scotland
Spennymoor	54.705	-1.554	england_wales
St Andrews Cross	56.341	-2.796	south_scotland
St Asaph (Bodelwyddan)	53.257	-3.469	england_wales
St Fergus Gas Terminal	57.579	-1.841	north_scotland
St Fillans	56.435	-4.065	north_scotland
St John's Wood	51.527	-0.172	england_wales
Stalybridge	53.492	-2.044	england_wales
Stanah	53.88	-2.99	england_wales
Staythorpe	53.077	-0.869	england_wales
Stella North	54.978	-1.724	england_wales
Stella South	54.974	-1.733	england_wales
Stirling	56.116	-3.915	south_scotland
Stoke Bardolph	52.96	-1.051	england_wales
Strathaven	55.753	-4.08	south_scotland
Strathleven	55.947	-4.576	south_scotland
Strichen	57.586	-2.07	north_scotland
Sundon	51.933	-0.502	england_wales
Swansea North	51.683	-3.961	england_wales
Tarland	57.152	-2.788	north_scotland
Taunton	51.017	-3.153	england_wales
Taynuilt	56.43	-5.214	north_scotland
Telford Road	55.962	-3.241	south_scotland
Templeborough	53.412	-1.385	england_wales
Thorpe Marsh	53.579	-1.087	england_wales
Thurcroft	53.405	-1.267	england_wales
Thurso	58.572	-3.509	north_scotland
Tilbury	51.461	0.392	england_wales
Tongland	54.855	-4.026	south_scotland
Tottenham	51.604	-0.049	england_wales
Trawsfynydd	52.929	-3.951	england_wales
Tummel Bridge	56.706	-4.016	north_scotland
Tynemouth 11kV	55.024	-1.499	england_wales
Tynemouth 132kV	55.024	-1.499	england_wales
Upper Boat 132kV	51.575	-3.298	england_wales
Upper Boat 33kV	51.576	-3.3	england_wales
Uskmouth	51.549	-2.976	england_wales
Walham	51.872	-2.266	england_wales
Walney 2 (Heysham)	53.88	-2.99	england_wales
Walpole (_A)	52.728	0.199	england_wales
Walpole (_B)	52.728	0.199	england_wales
Warley	51.553	0.301	england_wales
Washway Farm	53.562	-2.82	england_wales
Watford South	51.642	-0.405	england_wales
Wesley Avenue (Willesden 66kV)	51.535	-0.257	england_wales
West Boldon	54.94	-1.472	england_wales
West Burton	53.36	-0.807	england_wales
West George Street	55.863	-4.264	south_scotland
West Ham	51.52	0.002	england_wales
West Melton	53.502	-1.378	england_wales
West Thurrock	51.472	0.289	england_wales
West Weybridge	51.348	-0.489	england_wales
Westfield	56.163	-3.296	south_scotland
Whitegate	53.53	-2.164	england_wales
Whitehouse	55.93	-3.199	south_scotland
Willenhall	52.577	-2.06	england_wales
Willesden 132kV	51.535	-0.257	england_wales
Willesden 66kV	51.535	-0.257	england_wales
Willington	52.856	-1.549	england_wales
Willowdale	57.154	-2.097	north_scotland
Wimbledon North	51.431	-0.188	england_wales
Wimbledon South	51.431	-0.188	england_wales
Wincobank	53.413	-1.418	england_wales
Wishaw	55.764	-3.929	south_scotland
Woodhill	57.154	-2.146	north_scotland
Wylfa	53.414	-4.482	england_wales
Wymondley	51.929	-0.25	england_wales
